FOR_TYPE,Date,Year,SEASON,median_PAR
Mature forest,01-Jun-12,One,WET,13.7
Mature forest,02-Jun-12,One,WET,13.7
Mature forest,03-Jun-12,One,WET,11.2
Mature forest,04-Jun-12,One,WET,13.7
Mature forest,05-Jun-12,One,WET,6.2
Mature forest,06-Jun-12,One,WET,6.2
Mature forest,07-Jun-12,One,WET,3.7
Mature forest,08-Jun-12,One,WET,11.2
Mature forest,09-Jun-12,One,WET,11.2
Mature forest,10-Jun-12,One,WET,16.2
Mature forest,11-Jun-12,One,WET,11.2
Mature forest,12-Jun-12,One,WET,16.2
Mature forest,13-Jun-12,One,WET,13.7
Mature forest,14-Jun-12,One,WET,12.45
Mature forest,15-Jun-12,One,WET,8.7
Mature forest,16-Jun-12,One,WET,3.7
Mature forest,17-Jun-12,One,WET,6.2
Mature forest,18-Jun-12,One,WET,11.2
Mature forest,19-Jun-12,One,WET,16.2
Mature forest,20-Jun-12,One,WET,13.7
Mature forest,21-Jun-12,One,WET,8.7
Mature forest,22-Jun-12,One,WET,13.7
Mature forest,23-Jun-12,One,WET,8.7
Mature forest,24-Jun-12,One,WET,13.7
Mature forest,25-Jun-12,One,WET,13.7
Mature forest,26-Jun-12,One,WET,7.45
Mature forest,27-Jun-12,One,WET,11.2
Mature forest,28-Jun-12,One,WET,13.7
Mature forest,29-Jun-12,One,WET,16.2
Mature forest,30-Jun-12,One,WET,6.2
Mature forest,01-Jul-12,One,WET,3.7
Mature forest,02-Jul-12,One,WET,9.95
Mature forest,03-Jul-12,One,WET,3.7
Mature forest,04-Jul-12,One,WET,13.7
Mature forest,05-Jul-12,One,WET,8.7
Mature forest,06-Jul-12,One,WET,8.7
Mature forest,07-Jul-12,One,WET,8.7
Mature forest,08-Jul-12,One,WET,13.7
Mature forest,09-Jul-12,One,WET,11.2
Mature forest,10-Jul-12,One,WET,13.7
Mature forest,11-Jul-12,One,WET,11.2
Mature forest,12-Jul-12,One,WET,3.7
Mature forest,13-Jul-12,One,WET,11.2
Mature forest,14-Jul-12,One,WET,3.7
Mature forest,15-Jul-12,One,WET,6.2
Mature forest,16-Jul-12,One,WET,6.2
Mature forest,17-Jul-12,One,WET,1.2
Mature forest,18-Jul-12,One,WET,3.7
Mature forest,19-Jul-12,One,WET,3.7
Mature forest,20-Jul-12,One,WET,11.2
Mature forest,21-Jul-12,One,WET,11.2
Mature forest,22-Jul-12,One,WET,8.7
Mature forest,23-Jul-12,One,WET,3.7
Mature forest,24-Jul-12,One,WET,11.2
Mature forest,25-Jul-12,One,WET,3.7
Mature forest,26-Jul-12,One,WET,1.2
Mature forest,27-Jul-12,One,WET,8.7
Mature forest,28-Jul-12,One,WET,6.2
Mature forest,29-Jul-12,One,WET,16.2
Mature forest,30-Jul-12,One,WET,16.2
Mature forest,31-Jul-12,One,WET,6.2
Mature forest,01-Aug-12,One,WET,11.2
Mature forest,02-Aug-12,One,WET,1.2
Mature forest,03-Aug-12,One,WET,6.2
Mature forest,04-Aug-12,One,WET,16.2
Mature forest,05-Aug-12,One,WET,13.7
Mature forest,06-Aug-12,One,WET,11.2
Mature forest,07-Aug-12,One,WET,3.7
Mature forest,08-Aug-12,One,WET,11.2
Mature forest,09-Aug-12,One,WET,11.2
Mature forest,10-Aug-12,One,WET,11.2
Mature forest,11-Aug-12,One,WET,8.7
Mature forest,12-Aug-12,One,WET,16.2
Mature forest,13-Aug-12,One,WET,18.7
Mature forest,14-Aug-12,One,WET,8.7
Mature forest,15-Aug-12,One,WET,11.2
Mature forest,16-Aug-12,One,WET,13.7
Mature forest,17-Aug-12,One,WET,16.2
Mature forest,18-Aug-12,One,WET,8.7
Mature forest,19-Aug-12,One,WET,3.7
Mature forest,20-Aug-12,One,WET,8.7
Mature forest,21-Aug-12,One,WET,12.45
Mature forest,22-Aug-12,One,WET,1.2
Mature forest,23-Aug-12,One,WET,11.2
Mature forest,24-Aug-12,One,WET,8.7
Mature forest,25-Aug-12,One,WET,8.7
Mature forest,26-Aug-12,One,WET,8.7
Mature forest,27-Aug-12,One,WET,8.7
Mature forest,28-Aug-12,One,WET,16.2
Mature forest,29-Aug-12,One,WET,21.2
Mature forest,30-Aug-12,One,WET,3.7
Mature forest,31-Aug-12,One,WET,8.7
Mature forest,01-Feb-13,One,DRY,8.7
Mature forest,02-Feb-13,One,DRY,13.7
Mature forest,03-Feb-13,One,DRY,8.7
Mature forest,04-Feb-13,One,DRY,13.7
Mature forest,05-Feb-13,One,DRY,8.7
Mature forest,06-Feb-13,One,DRY,8.7
Mature forest,07-Feb-13,One,DRY,8.7
Mature forest,08-Feb-13,One,DRY,8.7
Mature forest,09-Feb-13,One,DRY,11.2
Mature forest,10-Feb-13,One,DRY,11.2
Mature forest,11-Feb-13,One,DRY,11.2
Mature forest,12-Feb-13,One,DRY,12.45
Mature forest,13-Feb-13,One,DRY,8.7
Mature forest,14-Feb-13,One,DRY,13.7
Mature forest,15-Feb-13,One,DRY,12.45
Mature forest,16-Feb-13,One,DRY,13.7
Mature forest,17-Feb-13,One,DRY,14.95
Mature forest,18-Feb-13,One,DRY,7.45
Mature forest,19-Feb-13,One,DRY,11.2
Mature forest,20-Feb-13,One,DRY,18.7
Mature forest,21-Feb-13,One,DRY,16.2
Mature forest,22-Feb-13,One,DRY,8.7
Mature forest,23-Feb-13,One,DRY,8.7
Mature forest,24-Feb-13,One,DRY,8.7
Mature forest,25-Feb-13,One,DRY,16.2
Mature forest,26-Feb-13,One,DRY,16.2
Mature forest,27-Feb-13,One,DRY,16.2
Mature forest,28-Feb-13,One,DRY,18.7
Mature forest,01-Mar-13,One,DRY,21.2
Mature forest,02-Mar-13,One,DRY,17.45
Mature forest,03-Mar-13,One,DRY,8.7
Mature forest,04-Mar-13,One,DRY,6.2
Mature forest,05-Mar-13,One,DRY,13.7
Mature forest,06-Mar-13,One,DRY,6.2
Mature forest,07-Mar-13,One,DRY,8.7
Mature forest,08-Mar-13,One,DRY,1.2
Mature forest,09-Mar-13,One,DRY,23.7
Mature forest,10-Mar-13,One,DRY,26.2
Mature forest,11-Mar-13,One,DRY,36.2
Mature forest,12-Mar-13,One,DRY,19.95
Mature forest,13-Mar-13,One,DRY,33.7
Mature forest,14-Mar-13,One,DRY,31.2
Mature forest,15-Mar-13,One,DRY,34.95
Mature forest,16-Mar-13,One,DRY,38.7
Mature forest,17-Mar-13,One,DRY,91.2
Mature forest,18-Mar-13,One,DRY,43.7
Mature forest,19-Mar-13,One,DRY,36.2
Mature forest,20-Mar-13,One,DRY,28.7
Mature forest,21-Mar-13,One,DRY,29.95
Mature forest,22-Mar-13,One,DRY,33.7
Mature forest,23-Mar-13,One,DRY,46.2
Mature forest,24-Mar-13,One,DRY,38.7
Mature forest,25-Mar-13,One,DRY,53.7
Mature forest,26-Mar-13,One,DRY,33.7
Mature forest,27-Mar-13,One,DRY,27.45
Mature forest,28-Mar-13,One,DRY,28.7
Mature forest,29-Mar-13,One,DRY,33.7
Mature forest,30-Mar-13,One,DRY,32.45
Mature forest,31-Mar-13,One,DRY,31.2
Mature forest,01-Apr-13,One,DRY,21.2
Mature forest,02-Apr-13,One,DRY,26.2
Mature forest,03-Apr-13,One,DRY,23.7
Mature forest,04-Apr-13,One,DRY,27.45
Mature forest,05-Apr-13,One,DRY,23.7
Mature forest,06-Apr-13,One,DRY,24.95
Mature forest,07-Apr-13,One,DRY,21.2
Mature forest,08-Apr-13,One,DRY,21.2
Mature forest,09-Apr-13,One,DRY,21.2
Mature forest,10-Apr-13,One,DRY,18.7
Mature forest,11-Apr-13,One,DRY,23.7
Mature forest,12-Apr-13,One,DRY,22.45
Mature forest,13-Apr-13,One,DRY,21.2
Mature forest,14-Apr-13,One,DRY,16.2
Mature forest,15-Apr-13,One,DRY,18.7
Mature forest,16-Apr-13,One,DRY,18.7
Mature forest,17-Apr-13,One,DRY,23.7
Mature forest,18-Apr-13,One,DRY,13.7
Mature forest,19-Apr-13,One,DRY,16.2
Mature forest,20-Apr-13,One,DRY,11.2
Mature forest,21-Apr-13,One,DRY,16.2
Mature forest,22-Apr-13,One,DRY,18.7
Mature forest,23-Apr-13,One,DRY,16.2
Mature forest,24-Apr-13,One,DRY,13.7
Mature forest,25-Apr-13,One,DRY,13.7
Mature forest,26-Apr-13,One,DRY,11.2
Mature forest,27-Apr-13,One,DRY,13.7
Mature forest,28-Apr-13,One,DRY,16.2
Mature forest,29-Apr-13,One,DRY,13.7
Mature forest,30-Apr-13,One,DRY,13.7
Regenerating forest,01-Jun-12,One,WET,49.95
Regenerating forest,02-Jun-12,One,WET,37.45
Regenerating forest,03-Jun-12,One,WET,48.7
Regenerating forest,04-Jun-12,One,WET,48.7
Regenerating forest,05-Jun-12,One,WET,56.2
Regenerating forest,06-Jun-12,One,WET,51.2
Regenerating forest,07-Jun-12,One,WET,29.95
Regenerating forest,08-Jun-12,One,WET,43.7
Regenerating forest,09-Jun-12,One,WET,23.7
Regenerating forest,10-Jun-12,One,WET,61.2
Regenerating forest,11-Jun-12,One,WET,28.7
Regenerating forest,12-Jun-12,One,WET,41.2
Regenerating forest,13-Jun-12,One,WET,44.95
Regenerating forest,14-Jun-12,One,WET,48.7
Regenerating forest,15-Jun-12,One,WET,26.2
Regenerating forest,16-Jun-12,One,WET,18.7
Regenerating forest,17-Jun-12,One,WET,16.2
Regenerating forest,18-Jun-12,One,WET,26.2
Regenerating forest,19-Jun-12,One,WET,42.45
Regenerating forest,20-Jun-12,One,WET,41.2
Regenerating forest,21-Jun-12,One,WET,24.95
Regenerating forest,22-Jun-12,One,WET,23.7
Regenerating forest,23-Jun-12,One,WET,13.7
Regenerating forest,24-Jun-12,One,WET,38.7
Regenerating forest,25-Jun-12,One,WET,34.95
Regenerating forest,26-Jun-12,One,WET,17.45
Regenerating forest,27-Jun-12,One,WET,24.95
Regenerating forest,28-Jun-12,One,WET,37.45
Regenerating forest,29-Jun-12,One,WET,49.95
Regenerating forest,30-Jun-12,One,WET,18.7
Regenerating forest,01-Jul-12,One,WET,21.2
Regenerating forest,02-Jul-12,One,WET,24.95
Regenerating forest,03-Jul-12,One,WET,33.7
Regenerating forest,04-Jul-12,One,WET,38.7
Regenerating forest,05-Jul-12,One,WET,39.95
Regenerating forest,06-Jul-12,One,WET,41.2
Regenerating forest,07-Jul-12,One,WET,28.7
Regenerating forest,08-Jul-12,One,WET,38.7
Regenerating forest,09-Jul-12,One,WET,19.95
Regenerating forest,10-Jul-12,One,WET,26.2
Regenerating forest,11-Jul-12,One,WET,46.2
Regenerating forest,12-Jul-12,One,WET,9.95
Regenerating forest,13-Jul-12,One,WET,33.7
Regenerating forest,14-Jul-12,One,WET,11.2
Regenerating forest,15-Jul-12,One,WET,18.7
Regenerating forest,16-Jul-12,One,WET,13.7
Regenerating forest,17-Jul-12,One,WET,6.2
Regenerating forest,18-Jul-12,One,WET,8.7
Regenerating forest,19-Jul-12,One,WET,8.7
Regenerating forest,20-Jul-12,One,WET,33.7
Regenerating forest,21-Jul-12,One,WET,34.95
Regenerating forest,22-Jul-12,One,WET,13.7
Regenerating forest,23-Jul-12,One,WET,11.2
Regenerating forest,24-Jul-12,One,WET,31.2
Regenerating forest,25-Jul-12,One,WET,8.7
Regenerating forest,26-Jul-12,One,WET,6.2
Regenerating forest,27-Jul-12,One,WET,28.7
Regenerating forest,28-Jul-12,One,WET,16.2
Regenerating forest,29-Jul-12,One,WET,46.2
Regenerating forest,30-Jul-12,One,WET,41.2
Regenerating forest,31-Jul-12,One,WET,18.7
Regenerating forest,01-Aug-12,One,WET,36.2
Regenerating forest,02-Aug-12,One,WET,3.7
Regenerating forest,03-Aug-12,One,WET,16.2
Regenerating forest,04-Aug-12,One,WET,51.2
Regenerating forest,05-Aug-12,One,WET,43.7
Regenerating forest,06-Aug-12,One,WET,33.7
Regenerating forest,07-Aug-12,One,WET,16.2
Regenerating forest,08-Aug-12,One,WET,51.2
Regenerating forest,09-Aug-12,One,WET,33.7
Regenerating forest,10-Aug-12,One,WET,41.2
Regenerating forest,11-Aug-12,One,WET,43.7
Regenerating forest,12-Aug-12,One,WET,37.45
Regenerating forest,13-Aug-12,One,WET,56.2
Regenerating forest,14-Aug-12,One,WET,26.2
Regenerating forest,15-Aug-12,One,WET,23.7
Regenerating forest,16-Aug-12,One,WET,43.7
Regenerating forest,17-Aug-12,One,WET,51.2
Regenerating forest,18-Aug-12,One,WET,21.2
Regenerating forest,19-Aug-12,One,WET,13.7
Regenerating forest,20-Aug-12,One,WET,31.2
Regenerating forest,21-Aug-12,One,WET,21.2
Regenerating forest,22-Aug-12,One,WET,3.7
Regenerating forest,23-Aug-12,One,WET,36.2
Regenerating forest,24-Aug-12,One,WET,21.2
Regenerating forest,25-Aug-12,One,WET,31.2
Regenerating forest,26-Aug-12,One,WET,28.7
Regenerating forest,27-Aug-12,One,WET,41.2
Regenerating forest,28-Aug-12,One,WET,43.7
Regenerating forest,29-Aug-12,One,WET,54.95
Regenerating forest,30-Aug-12,One,WET,26.2
Regenerating forest,31-Aug-12,One,WET,43.7
Regenerating forest,01-Feb-13,One,DRY,8.7
Regenerating forest,02-Feb-13,One,DRY,13.7
Regenerating forest,03-Feb-13,One,DRY,3.7
Regenerating forest,04-Feb-13,One,DRY,8.7
Regenerating forest,05-Feb-13,One,DRY,11.2
Regenerating forest,06-Feb-13,One,DRY,11.2
Regenerating forest,07-Feb-13,One,DRY,11.2
Regenerating forest,08-Feb-13,One,DRY,9.95
Regenerating forest,09-Feb-13,One,DRY,13.7
Regenerating forest,10-Feb-13,One,DRY,18.7
Regenerating forest,11-Feb-13,One,DRY,13.7
Regenerating forest,12-Feb-13,One,DRY,16.2
Regenerating forest,13-Feb-13,One,DRY,16.2
Regenerating forest,14-Feb-13,One,DRY,13.7
Regenerating forest,15-Feb-13,One,DRY,13.7
Regenerating forest,16-Feb-13,One,DRY,13.7
Regenerating forest,17-Feb-13,One,DRY,18.7
Regenerating forest,18-Feb-13,One,DRY,18.7
Regenerating forest,19-Feb-13,One,DRY,16.2
Regenerating forest,20-Feb-13,One,DRY,18.7
Regenerating forest,21-Feb-13,One,DRY,18.7
Regenerating forest,22-Feb-13,One,DRY,13.7
Regenerating forest,23-Feb-13,One,DRY,13.7
Regenerating forest,24-Feb-13,One,DRY,21.2
Regenerating forest,25-Feb-13,One,DRY,18.7
Regenerating forest,26-Feb-13,One,DRY,18.7
Regenerating forest,27-Feb-13,One,DRY,18.7
Regenerating forest,28-Feb-13,One,DRY,18.7
Regenerating forest,01-Mar-13,One,DRY,21.2
Regenerating forest,02-Mar-13,One,DRY,21.2
Regenerating forest,03-Mar-13,One,DRY,8.7
Regenerating forest,04-Mar-13,One,DRY,8.7
Regenerating forest,05-Mar-13,One,DRY,9.95
Regenerating forest,06-Mar-13,One,DRY,26.2
Regenerating forest,07-Mar-13,One,DRY,16.2
Regenerating forest,08-Mar-13,One,DRY,3.7
Regenerating forest,09-Mar-13,One,DRY,18.7
Regenerating forest,10-Mar-13,One,DRY,21.2
Regenerating forest,11-Mar-13,One,DRY,23.7
Regenerating forest,12-Mar-13,One,DRY,26.2
Regenerating forest,13-Mar-13,One,DRY,23.7
Regenerating forest,14-Mar-13,One,DRY,26.2
Regenerating forest,15-Mar-13,One,DRY,26.2
Regenerating forest,16-Mar-13,One,DRY,23.7
Regenerating forest,17-Mar-13,One,DRY,21.2
Regenerating forest,18-Mar-13,One,DRY,23.7
Regenerating forest,19-Mar-13,One,DRY,23.7
Regenerating forest,20-Mar-13,One,DRY,21.2
Regenerating forest,21-Mar-13,One,DRY,26.2
Regenerating forest,22-Mar-13,One,DRY,26.2
Regenerating forest,23-Mar-13,One,DRY,26.2
Regenerating forest,24-Mar-13,One,DRY,21.2
Regenerating forest,25-Mar-13,One,DRY,26.2
Regenerating forest,26-Mar-13,One,DRY,23.7
Regenerating forest,27-Mar-13,One,DRY,26.2
Regenerating forest,28-Mar-13,One,DRY,26.2
Regenerating forest,29-Mar-13,One,DRY,26.2
Regenerating forest,30-Mar-13,One,DRY,26.2
Regenerating forest,31-Mar-13,One,DRY,18.7
Regenerating forest,01-Apr-13,One,DRY,27.45
Regenerating forest,02-Apr-13,One,DRY,26.2
Regenerating forest,03-Apr-13,One,DRY,26.2
Regenerating forest,04-Apr-13,One,DRY,26.2
Regenerating forest,05-Apr-13,One,DRY,23.7
Regenerating forest,06-Apr-13,One,DRY,26.2
Regenerating forest,07-Apr-13,One,DRY,26.2
Regenerating forest,08-Apr-13,One,DRY,26.2
Regenerating forest,09-Apr-13,One,DRY,26.2
Regenerating forest,10-Apr-13,One,DRY,21.2
Regenerating forest,11-Apr-13,One,DRY,21.2
Regenerating forest,12-Apr-13,One,DRY,28.7
Regenerating forest,13-Apr-13,One,DRY,28.7
Regenerating forest,14-Apr-13,One,DRY,26.2
Regenerating forest,15-Apr-13,One,DRY,27.45
Regenerating forest,16-Apr-13,One,DRY,21.2
Regenerating forest,17-Apr-13,One,DRY,21.2
Regenerating forest,18-Apr-13,One,DRY,19.95
Regenerating forest,19-Apr-13,One,DRY,18.7
Regenerating forest,20-Apr-13,One,DRY,18.7
Regenerating forest,21-Apr-13,One,DRY,26.2
Regenerating forest,22-Apr-13,One,DRY,28.7
Regenerating forest,23-Apr-13,One,DRY,26.2
Regenerating forest,24-Apr-13,One,DRY,23.7
Regenerating forest,25-Apr-13,One,DRY,26.2
Regenerating forest,26-Apr-13,One,DRY,16.2
Regenerating forest,27-Apr-13,One,DRY,26.2
Regenerating forest,28-Apr-13,One,DRY,26.2
Regenerating forest,29-Apr-13,One,DRY,28.7
Regenerating forest,30-Apr-13,One,DRY,23.7
Open land,01-Jun-12,One,WET,669.95
Open land,02-Jun-12,One,WET,697.45
Open land,03-Jun-12,One,WET,2169.95
Open land,04-Jun-12,One,WET,1032.45
Open land,05-Jun-12,One,WET,1994.95
Open land,06-Jun-12,One,WET,2011.2
Open land,07-Jun-12,One,WET,1974.95
Open land,08-Jun-12,One,WET,1383.7
Open land,09-Jun-12,One,WET,416.2
Open land,10-Jun-12,One,WET,591.2
Open land,11-Jun-12,One,WET,618.7
Open land,12-Jun-12,One,WET,536.2
Open land,13-Jun-12,One,WET,551.2
Open land,14-Jun-12,One,WET,539.95
Open land,15-Jun-12,One,WET,487.45
Open land,16-Jun-12,One,WET,357.45
Open land,17-Jun-12,One,WET,414.95
Open land,18-Jun-12,One,WET,663.7
Open land,19-Jun-12,One,WET,476.2
Open land,20-Jun-12,One,WET,472.45
Open land,21-Jun-12,One,WET,376.2
Open land,22-Jun-12,One,WET,321.2
Open land,23-Jun-12,One,WET,299.95
Open land,24-Jun-12,One,WET,497.45
Open land,25-Jun-12,One,WET,333.7
Open land,26-Jun-12,One,WET,246.2
Open land,27-Jun-12,One,WET,262.45
Open land,28-Jun-12,One,WET,1027.45
Open land,29-Jun-12,One,WET,1101.2
Open land,30-Jun-12,One,WET,353.7
Open land,01-Jul-12,One,WET,618.7
Open land,02-Jul-12,One,WET,498.7
Open land,03-Jul-12,One,WET,513.7
Open land,04-Jul-12,One,WET,769.95
Open land,05-Jul-12,One,WET,407.45
Open land,06-Jul-12,One,WET,704.95
Open land,07-Jul-12,One,WET,583.7
Open land,08-Jul-12,One,WET,439.95
Open land,09-Jul-12,One,WET,567.45
Open land,10-Jul-12,One,WET,751.2
Open land,11-Jul-12,One,WET,1753.7
Open land,12-Jul-12,One,WET,528.7
Open land,13-Jul-12,One,WET,534.95
Open land,14-Jul-12,One,WET,218.7
Open land,15-Jul-12,One,WET,591.2
Open land,16-Jul-12,One,WET,281.2
Open land,17-Jul-12,One,WET,82.45
Open land,18-Jul-12,One,WET,158.7
Open land,19-Jul-12,One,WET,176.2
Open land,20-Jul-12,One,WET,1287.45
Open land,21-Jul-12,One,WET,596.2
Open land,22-Jul-12,One,WET,182.45
Open land,23-Jul-12,One,WET,142.45
Open land,24-Jul-12,One,WET,2034.95
Open land,25-Jul-12,One,WET,188.7
Open land,26-Jul-12,One,WET,81.2
Open land,27-Jul-12,One,WET,229.95
Open land,28-Jul-12,One,WET,181.2
Open land,29-Jul-12,One,WET,692.45
Open land,30-Jul-12,One,WET,597.45
Open land,31-Jul-12,One,WET,227.45
Open land,01-Aug-12,One,WET,468.7
Open land,02-Aug-12,One,WET,111.2
Open land,03-Aug-12,One,WET,346.2
Open land,04-Aug-12,One,WET,559.95
Open land,05-Aug-12,One,WET,1538.7
Open land,06-Aug-12,One,WET,402.45
Open land,07-Aug-12,One,WET,229.95
Open land,08-Aug-12,One,WET,1906.2
Open land,09-Aug-12,One,WET,602.45
Open land,10-Aug-12,One,WET,1278.7
Open land,11-Aug-12,One,WET,963.7
Open land,12-Aug-12,One,WET,554.95
Open land,13-Aug-12,One,WET,971.2
Open land,14-Aug-12,One,WET,727.45
Open land,15-Aug-12,One,WET,348.7
Open land,16-Aug-12,One,WET,1664.95
Open land,17-Aug-12,One,WET,584.95
Open land,18-Aug-12,One,WET,401.2
Open land,19-Aug-12,One,WET,249.95
Open land,20-Aug-12,One,WET,483.7
Open land,21-Aug-12,One,WET,346.2
Open land,22-Aug-12,One,WET,86.2
Open land,23-Aug-12,One,WET,922.45
Open land,24-Aug-12,One,WET,581.2
Open land,25-Aug-12,One,WET,318.7
Open land,26-Aug-12,One,WET,581.2
Open land,27-Aug-12,One,WET,1148.7
Open land,28-Aug-12,One,WET,908.7
Open land,29-Aug-12,One,WET,1046.2
Open land,30-Aug-12,One,WET,577.45
Open land,31-Aug-12,One,WET,1054.95
Open land,01-Feb-13,One,DRY,1731.2
Open land,02-Feb-13,One,DRY,1404.95
Open land,03-Feb-13,One,DRY,574.95
Open land,04-Feb-13,One,DRY,1702.45
Open land,05-Feb-13,One,DRY,1712.45
Open land,06-Feb-13,One,DRY,1746.2
Open land,07-Feb-13,One,DRY,1733.7
Open land,08-Feb-13,One,DRY,1732.45
Open land,09-Feb-13,One,DRY,1541.2
Open land,10-Feb-13,One,DRY,1328.7
Open land,11-Feb-13,One,DRY,1672.45
Open land,12-Feb-13,One,DRY,1658.7
Open land,13-Feb-13,One,DRY,598.7
Open land,14-Feb-13,One,DRY,1689.95
Open land,15-Feb-13,One,DRY,1746.2
Open land,16-Feb-13,One,DRY,1713.7
Open land,17-Feb-13,One,DRY,1339.95
Open land,18-Feb-13,One,DRY,1656.2
Open land,19-Feb-13,One,DRY,1786.2
Open land,20-Feb-13,One,DRY,1627.45
Open land,21-Feb-13,One,DRY,1043.7
Open land,22-Feb-13,One,DRY,1253.7
Open land,23-Feb-13,One,DRY,412.45
Open land,24-Feb-13,One,DRY,1514.95
Open land,25-Feb-13,One,DRY,1556.2
Open land,26-Feb-13,One,DRY,1663.7
Open land,27-Feb-13,One,DRY,1671.2
Open land,28-Feb-13,One,DRY,1714.95
Open land,01-Mar-13,One,DRY,1543.7
Open land,02-Mar-13,One,DRY,1438.7
Open land,03-Mar-13,One,DRY,481.2
Open land,04-Mar-13,One,DRY,387.45
Open land,05-Mar-13,One,DRY,414.95
Open land,06-Mar-13,One,DRY,794.95
Open land,07-Mar-13,One,DRY,892.45
Open land,08-Mar-13,One,DRY,192.45
Open land,09-Mar-13,One,DRY,1691.2
Open land,10-Mar-13,One,DRY,1493.7
Open land,11-Mar-13,One,DRY,1533.7
Open land,12-Mar-13,One,DRY,1564.95
Open land,13-Mar-13,One,DRY,1563.7
Open land,14-Mar-13,One,DRY,1446.2
Open land,15-Mar-13,One,DRY,1227.45
Open land,16-Mar-13,One,DRY,1622.45
Open land,17-Mar-13,One,DRY,1712.45
Open land,18-Mar-13,One,DRY,1561.2
Open land,19-Mar-13,One,DRY,1743.7
Open land,20-Mar-13,One,DRY,1784.95
Open land,21-Mar-13,One,DRY,1416.2
Open land,22-Mar-13,One,DRY,1316.2
Open land,23-Mar-13,One,DRY,1373.7
Open land,24-Mar-13,One,DRY,1856.2
Open land,25-Mar-13,One,DRY,1656.2
Open land,26-Mar-13,One,DRY,1508.7
Open land,27-Mar-13,One,DRY,1286.2
Open land,28-Mar-13,One,DRY,1688.7
Open land,29-Mar-13,One,DRY,1566.2
Open land,30-Mar-13,One,DRY,1383.7
Open land,31-Mar-13,One,DRY,1591.2
Open land,01-Apr-13,One,DRY,1309.95
Open land,02-Apr-13,One,DRY,1506.2
Open land,03-Apr-13,One,DRY,1499.95
Open land,04-Apr-13,One,DRY,1497.45
Open land,05-Apr-13,One,DRY,1357.45
Open land,06-Apr-13,One,DRY,1641.2
Open land,07-Apr-13,One,DRY,1559.95
Open land,08-Apr-13,One,DRY,1497.45
Open land,09-Apr-13,One,DRY,1359.95
Mature forest,01-Feb-14,Two,DRY,NA
Mature forest,02-Feb-14,Two,DRY,NA
Mature forest,03-Feb-14,Two,DRY,NA
Mature forest,04-Feb-14,Two,DRY,NA
Mature forest,05-Feb-14,Two,DRY,NA
Mature forest,06-Feb-14,Two,DRY,NA
Mature forest,07-Feb-14,Two,DRY,NA
Mature forest,08-Feb-14,Two,DRY,NA
Mature forest,09-Feb-14,Two,DRY,NA
Mature forest,10-Feb-14,Two,DRY,NA
Mature forest,11-Feb-14,Two,DRY,NA
Mature forest,12-Feb-14,Two,DRY,NA
Mature forest,13-Feb-14,Two,DRY,NA
Mature forest,14-Feb-14,Two,DRY,NA
Mature forest,15-Feb-14,Two,DRY,NA
Mature forest,16-Feb-14,Two,DRY,NA
Mature forest,17-Feb-14,Two,DRY,NA
Mature forest,18-Feb-14,Two,DRY,NA
Mature forest,19-Feb-14,Two,DRY,NA
Mature forest,20-Feb-14,Two,DRY,NA
Mature forest,21-Feb-14,Two,DRY,NA
Mature forest,22-Feb-14,Two,DRY,NA
Mature forest,23-Feb-14,Two,DRY,NA
Mature forest,24-Feb-14,Two,DRY,NA
Mature forest,25-Feb-14,Two,DRY,NA
Mature forest,26-Feb-14,Two,DRY,NA
Mature forest,27-Feb-14,Two,DRY,NA
Mature forest,28-Feb-14,Two,DRY,NA
Mature forest,01-Mar-14,Two,DRY,NA
Mature forest,02-Mar-14,Two,DRY,NA
Mature forest,03-Mar-14,Two,DRY,NA
Mature forest,04-Mar-14,Two,DRY,NA
Mature forest,05-Mar-14,Two,DRY,NA
Mature forest,06-Mar-14,Two,DRY,NA
Mature forest,07-Mar-14,Two,DRY,NA
Mature forest,08-Mar-14,Two,DRY,16.2
Mature forest,09-Mar-14,Two,DRY,18.7
Mature forest,10-Mar-14,Two,DRY,21.2
Mature forest,11-Mar-14,Two,DRY,21.2
Mature forest,12-Mar-14,Two,DRY,18.7
Mature forest,13-Mar-14,Two,DRY,16.2
Mature forest,14-Mar-14,Two,DRY,21.2
Mature forest,15-Mar-14,Two,DRY,21.2
Mature forest,16-Mar-14,Two,DRY,18.7
Mature forest,17-Mar-14,Two,DRY,21.2
Mature forest,18-Mar-14,Two,DRY,21.2
Mature forest,19-Mar-14,Two,DRY,18.7
Mature forest,20-Mar-14,Two,DRY,23.7
Mature forest,21-Mar-14,Two,DRY,22.45
Mature forest,22-Mar-14,Two,DRY,8.7
Mature forest,23-Mar-14,Two,DRY,16.2
Mature forest,24-Mar-14,Two,DRY,21.2
Mature forest,25-Mar-14,Two,DRY,13.7
Mature forest,26-Mar-14,Two,DRY,18.7
Mature forest,27-Mar-14,Two,DRY,17.45
Mature forest,28-Mar-14,Two,DRY,18.7
Mature forest,29-Mar-14,Two,DRY,21.2
Mature forest,30-Mar-14,Two,DRY,18.7
Mature forest,31-Mar-14,Two,DRY,18.7
Mature forest,01-Apr-14,Two,DRY,18.7
Mature forest,02-Apr-14,Two,DRY,18.7
Mature forest,03-Apr-14,Two,DRY,21.2
Mature forest,04-Apr-14,Two,DRY,21.2
Mature forest,05-Apr-14,Two,DRY,16.2
Mature forest,06-Apr-14,Two,DRY,18.7
Mature forest,07-Apr-14,Two,DRY,16.2
Mature forest,08-Apr-14,Two,DRY,21.2
Mature forest,09-Apr-14,Two,DRY,18.7
Mature forest,10-Apr-14,Two,DRY,18.7
Mature forest,11-Apr-14,Two,DRY,18.7
Mature forest,12-Apr-14,Two,DRY,16.2
Mature forest,13-Apr-14,Two,DRY,18.7
Mature forest,14-Apr-14,Two,DRY,18.7
Mature forest,15-Apr-14,Two,DRY,18.7
Mature forest,16-Apr-14,Two,DRY,18.7
Mature forest,17-Apr-14,Two,DRY,7.45
Mature forest,18-Apr-14,Two,DRY,NA
Mature forest,19-Apr-14,Two,DRY,NA
Mature forest,20-Apr-14,Two,DRY,NA
Mature forest,21-Apr-14,Two,DRY,NA
Mature forest,22-Apr-14,Two,DRY,NA
Mature forest,23-Apr-14,Two,DRY,NA
Mature forest,24-Apr-14,Two,DRY,NA
Mature forest,25-Apr-14,Two,DRY,NA
Mature forest,26-Apr-14,Two,DRY,NA
Mature forest,27-Apr-14,Two,DRY,NA
Mature forest,28-Apr-14,Two,DRY,NA
Mature forest,29-Apr-14,Two,DRY,NA
Mature forest,30-Apr-14,Two,DRY,NA
Mature forest,01-Jun-14,Two,WET,16.2
Mature forest,02-Jun-14,Two,WET,13.7
Mature forest,03-Jun-14,Two,WET,13.7
Mature forest,04-Jun-14,Two,WET,13.7
Mature forest,05-Jun-14,Two,WET,18.7
Mature forest,06-Jun-14,Two,WET,16.2
Mature forest,07-Jun-14,Two,WET,16.2
Mature forest,08-Jun-14,Two,WET,6.2
Mature forest,09-Jun-14,Two,WET,11.2
Mature forest,10-Jun-14,Two,WET,13.7
Mature forest,11-Jun-14,Two,WET,13.7
Mature forest,12-Jun-14,Two,WET,11.2
Mature forest,13-Jun-14,Two,WET,11.2
Mature forest,14-Jun-14,Two,WET,13.7
Mature forest,15-Jun-14,Two,WET,11.2
Mature forest,16-Jun-14,Two,WET,13.7
Mature forest,17-Jun-14,Two,WET,14.95
Mature forest,18-Jun-14,Two,WET,13.7
Mature forest,19-Jun-14,Two,WET,11.2
Mature forest,20-Jun-14,Two,WET,16.2
Mature forest,21-Jun-14,Two,WET,13.7
Mature forest,22-Jun-14,Two,WET,13.7
Mature forest,23-Jun-14,Two,WET,13.7
Mature forest,24-Jun-14,Two,WET,16.2
Mature forest,25-Jun-14,Two,WET,13.7
Mature forest,26-Jun-14,Two,WET,16.2
Mature forest,27-Jun-14,Two,WET,16.2
Mature forest,28-Jun-14,Two,WET,16.2
Mature forest,29-Jun-14,Two,WET,11.2
Mature forest,30-Jun-14,Two,WET,11.2
Mature forest,01-Jul-14,Two,WET,11.2
Mature forest,02-Jul-14,Two,WET,8.7
Mature forest,03-Jul-14,Two,WET,13.7
Mature forest,04-Jul-14,Two,WET,16.2
Mature forest,05-Jul-14,Two,WET,13.7
Mature forest,06-Jul-14,Two,WET,13.7
Mature forest,07-Jul-14,Two,WET,8.7
Mature forest,08-Jul-14,Two,WET,11.2
Mature forest,09-Jul-14,Two,WET,13.7
Mature forest,10-Jul-14,Two,WET,8.7
Mature forest,11-Jul-14,Two,WET,11.2
Mature forest,12-Jul-14,Two,WET,6.2
Mature forest,13-Jul-14,Two,WET,11.2
Mature forest,14-Jul-14,Two,WET,11.2
Mature forest,15-Jul-14,Two,WET,11.2
Mature forest,16-Jul-14,Two,WET,8.7
Mature forest,17-Jul-14,Two,WET,13.7
Mature forest,18-Jul-14,Two,WET,6.2
Mature forest,19-Jul-14,Two,WET,8.7
Mature forest,20-Jul-14,Two,WET,11.2
Mature forest,21-Jul-14,Two,WET,6.2
Mature forest,22-Jul-14,Two,WET,8.7
Mature forest,23-Jul-14,Two,WET,8.7
Mature forest,24-Jul-14,Two,WET,8.7
Mature forest,25-Jul-14,Two,WET,11.2
Mature forest,26-Jul-14,Two,WET,11.2
Mature forest,27-Jul-14,Two,WET,11.2
Mature forest,28-Jul-14,Two,WET,11.2
Mature forest,29-Jul-14,Two,WET,8.7
Mature forest,30-Jul-14,Two,WET,11.2
Mature forest,31-Jul-14,Two,WET,11.2
Mature forest,01-Aug-14,Two,WET,11.2
Mature forest,02-Aug-14,Two,WET,8.7
Mature forest,03-Aug-14,Two,WET,11.2
Mature forest,04-Aug-14,Two,WET,11.2
Mature forest,05-Aug-14,Two,WET,11.2
Mature forest,06-Aug-14,Two,WET,11.2
Mature forest,07-Aug-14,Two,WET,11.2
Mature forest,08-Aug-14,Two,WET,11.2
Mature forest,09-Aug-14,Two,WET,13.7
Mature forest,10-Aug-14,Two,WET,11.2
Mature forest,11-Aug-14,Two,WET,11.2
Mature forest,12-Aug-14,Two,WET,11.2
Mature forest,13-Aug-14,Two,WET,6.2
Mature forest,14-Aug-14,Two,WET,6.2
Mature forest,15-Aug-14,Two,WET,11.2
Mature forest,16-Aug-14,Two,WET,8.7
Mature forest,17-Aug-14,Two,WET,11.2
Mature forest,18-Aug-14,Two,WET,6.2
Mature forest,19-Aug-14,Two,WET,8.7
Mature forest,20-Aug-14,Two,WET,11.2
Mature forest,21-Aug-14,Two,WET,11.2
Mature forest,22-Aug-14,Two,WET,11.2
Mature forest,23-Aug-14,Two,WET,11.2
Mature forest,24-Aug-14,Two,WET,11.2
Mature forest,25-Aug-14,Two,WET,9.95
Mature forest,26-Aug-14,Two,WET,11.2
Mature forest,27-Aug-14,Two,WET,11.2
Mature forest,28-Aug-14,Two,WET,11.2
Mature forest,29-Aug-14,Two,WET,6.2
Mature forest,30-Aug-14,Two,WET,11.2
Mature forest,31-Aug-14,Two,WET,13.7
Regenerating forest,01-Feb-14,Two,DRY,504.95
Regenerating forest,02-Feb-14,Two,DRY,491.2
Regenerating forest,03-Feb-14,Two,DRY,511.2
Regenerating forest,04-Feb-14,Two,DRY,503.7
Regenerating forest,05-Feb-14,Two,DRY,509.95
Regenerating forest,06-Feb-14,Two,DRY,506.2
Regenerating forest,07-Feb-14,Two,DRY,533.7
Regenerating forest,08-Feb-14,Two,DRY,538.7
Regenerating forest,09-Feb-14,Two,DRY,516.2
Regenerating forest,10-Feb-14,Two,DRY,502.45
Regenerating forest,11-Feb-14,Two,DRY,499.95
Regenerating forest,12-Feb-14,Two,DRY,512.45
Regenerating forest,13-Feb-14,Two,DRY,527.45
Regenerating forest,14-Feb-14,Two,DRY,533.7
Regenerating forest,15-Feb-14,Two,DRY,519.95
Regenerating forest,16-Feb-14,Two,DRY,526.2
Regenerating forest,17-Feb-14,Two,DRY,519.95
Regenerating forest,18-Feb-14,Two,DRY,161.2
Regenerating forest,19-Feb-14,Two,DRY,523.7
Regenerating forest,20-Feb-14,Two,DRY,409.95
Regenerating forest,21-Feb-14,Two,DRY,207.45
Regenerating forest,22-Feb-14,Two,DRY,556.2
Regenerating forest,23-Feb-14,Two,DRY,536.2
Regenerating forest,24-Feb-14,Two,DRY,532.45
Regenerating forest,25-Feb-14,Two,DRY,542.45
Regenerating forest,26-Feb-14,Two,DRY,506.2
Regenerating forest,27-Feb-14,Two,DRY,516.2
Regenerating forest,28-Feb-14,Two,DRY,543.7
Regenerating forest,01-Mar-14,Two,DRY,NA
Regenerating forest,02-Mar-14,Two,DRY,NA
Regenerating forest,03-Mar-14,Two,DRY,NA
Regenerating forest,04-Mar-14,Two,DRY,NA
Regenerating forest,05-Mar-14,Two,DRY,NA
Regenerating forest,06-Mar-14,Two,DRY,NA
Regenerating forest,07-Mar-14,Two,DRY,NA
Regenerating forest,08-Mar-14,Two,DRY,NA
Regenerating forest,09-Mar-14,Two,DRY,NA
Regenerating forest,10-Mar-14,Two,DRY,NA
Regenerating forest,11-Mar-14,Two,DRY,NA
Regenerating forest,12-Mar-14,Two,DRY,NA
Regenerating forest,13-Mar-14,Two,DRY,NA
Regenerating forest,14-Mar-14,Two,DRY,NA
Regenerating forest,15-Mar-14,Two,DRY,NA
Regenerating forest,16-Mar-14,Two,DRY,NA
Regenerating forest,17-Mar-14,Two,DRY,NA
Regenerating forest,18-Mar-14,Two,DRY,NA
Regenerating forest,19-Mar-14,Two,DRY,NA
Regenerating forest,20-Mar-14,Two,DRY,NA
Regenerating forest,21-Mar-14,Two,DRY,NA
Regenerating forest,22-Mar-14,Two,DRY,NA
Regenerating forest,23-Mar-14,Two,DRY,NA
Regenerating forest,24-Mar-14,Two,DRY,NA
Regenerating forest,25-Mar-14,Two,DRY,NA
Regenerating forest,26-Mar-14,Two,DRY,NA
Regenerating forest,27-Mar-14,Two,DRY,NA
Regenerating forest,28-Mar-14,Two,DRY,NA
Regenerating forest,29-Mar-14,Two,DRY,NA
Regenerating forest,30-Mar-14,Two,DRY,NA
Regenerating forest,31-Mar-14,Two,DRY,NA
Regenerating forest,01-Apr-14,Two,DRY,NA
Regenerating forest,02-Apr-14,Two,DRY,NA
Regenerating forest,03-Apr-14,Two,DRY,NA
Regenerating forest,04-Apr-14,Two,DRY,NA
Regenerating forest,05-Apr-14,Two,DRY,NA
Regenerating forest,06-Apr-14,Two,DRY,NA
Regenerating forest,07-Apr-14,Two,DRY,NA
Regenerating forest,08-Apr-14,Two,DRY,NA
Regenerating forest,09-Apr-14,Two,DRY,NA
Regenerating forest,10-Apr-14,Two,DRY,NA
Regenerating forest,11-Apr-14,Two,DRY,NA
Regenerating forest,12-Apr-14,Two,DRY,NA
Regenerating forest,13-Apr-14,Two,DRY,NA
Regenerating forest,14-Apr-14,Two,DRY,NA
Regenerating forest,15-Apr-14,Two,DRY,NA
Regenerating forest,16-Apr-14,Two,DRY,NA
Regenerating forest,17-Apr-14,Two,DRY,NA
Regenerating forest,18-Apr-14,Two,DRY,NA
Regenerating forest,19-Apr-14,Two,DRY,NA
Regenerating forest,20-Apr-14,Two,DRY,NA
Regenerating forest,21-Apr-14,Two,DRY,NA
Regenerating forest,21-Apr-14,Two,DRY,487.45
Regenerating forest,22-Apr-14,Two,DRY,508.7
Regenerating forest,23-Apr-14,Two,DRY,492.45
Regenerating forest,24-Apr-14,Two,DRY,503.7
Regenerating forest,25-Apr-14,Two,DRY,498.7
Regenerating forest,26-Apr-14,Two,DRY,498.7
Regenerating forest,27-Apr-14,Two,DRY,532.45
Regenerating forest,28-Apr-14,Two,DRY,237.45
Regenerating forest,29-Apr-14,Two,DRY,194.95
Regenerating forest,30-Apr-14,Two,DRY,536.2
Regenerating forest,01-Jun-14,Two,WET,184.95
Regenerating forest,02-Jun-14,Two,WET,218.7
Regenerating forest,03-Jun-14,Two,WET,201.2
Regenerating forest,04-Jun-14,Two,WET,206.2
Regenerating forest,05-Jun-14,Two,WET,244.95
Regenerating forest,06-Jun-14,Two,WET,227.45
Regenerating forest,07-Jun-14,Two,WET,326.2
Regenerating forest,08-Jun-14,Two,WET,118.7
Regenerating forest,09-Jun-14,Two,WET,171.2
Regenerating forest,10-Jun-14,Two,WET,223.7
Regenerating forest,11-Jun-14,Two,WET,132.45
Regenerating forest,12-Jun-14,Two,WET,196.2
Regenerating forest,13-Jun-14,Two,WET,209.95
Regenerating forest,14-Jun-14,Two,WET,133.7
Regenerating forest,15-Jun-14,Two,WET,226.2
Regenerating forest,16-Jun-14,Two,WET,192.45
Regenerating forest,17-Jun-14,Two,WET,222.45
Regenerating forest,18-Jun-14,Two,WET,166.2
Regenerating forest,19-Jun-14,Two,WET,236.2
Regenerating forest,20-Jun-14,Two,WET,252.45
Regenerating forest,21-Jun-14,Two,WET,183.7
Regenerating forest,22-Jun-14,Two,WET,266.2
Regenerating forest,23-Jun-14,Two,WET,222.45
Regenerating forest,24-Jun-14,Two,WET,261.2
Regenerating forest,25-Jun-14,Two,WET,308.7
Regenerating forest,26-Jun-14,Two,WET,218.7
Regenerating forest,27-Jun-14,Two,WET,262.45
Regenerating forest,28-Jun-14,Two,WET,253.7
Regenerating forest,29-Jun-14,Two,WET,203.7
Regenerating forest,30-Jun-14,Two,WET,77.45
Regenerating forest,01-Jul-14,Two,WET,109.95
Regenerating forest,02-Jul-14,Two,WET,163.7
Regenerating forest,03-Jul-14,Two,WET,289.95
Regenerating forest,04-Jul-14,Two,WET,336.2
Regenerating forest,05-Jul-14,Two,WET,199.95
Regenerating forest,06-Jul-14,Two,WET,217.45
Regenerating forest,07-Jul-14,Two,WET,179.95
Regenerating forest,08-Jul-14,Two,WET,147.45
Regenerating forest,09-Jul-14,Two,WET,274.95
Regenerating forest,10-Jul-14,Two,WET,193.7
Regenerating forest,11-Jul-14,Two,WET,254.95
Regenerating forest,12-Jul-14,Two,WET,67.45
Regenerating forest,13-Jul-14,Two,WET,303.7
Regenerating forest,14-Jul-14,Two,WET,182.45
Regenerating forest,15-Jul-14,Two,WET,212.45
Regenerating forest,16-Jul-14,Two,WET,211.2
Regenerating forest,17-Jul-14,Two,WET,256.2
Regenerating forest,18-Jul-14,Two,WET,101.2
Regenerating forest,19-Jul-14,Two,WET,98.7
Regenerating forest,20-Jul-14,Two,WET,184.95
Regenerating forest,21-Jul-14,Two,WET,103.7
Regenerating forest,22-Jul-14,Two,WET,156.2
Regenerating forest,23-Jul-14,Two,WET,129.95
Regenerating forest,24-Jul-14,Two,WET,131.2
Regenerating forest,25-Jul-14,Two,WET,158.7
Regenerating forest,26-Jul-14,Two,WET,217.45
Regenerating forest,27-Jul-14,Two,WET,166.2
Regenerating forest,28-Jul-14,Two,WET,124.95
Regenerating forest,29-Jul-14,Two,WET,186.2
Regenerating forest,30-Jul-14,Two,WET,246.2
Regenerating forest,31-Jul-14,Two,WET,141.2
Regenerating forest,01-Aug-14,Two,WET,269.95
Regenerating forest,02-Aug-14,Two,WET,204.95
Regenerating forest,03-Aug-14,Two,WET,96.2
Regenerating forest,04-Aug-14,Two,WET,167.45
Regenerating forest,05-Aug-14,Two,WET,294.95
Regenerating forest,06-Aug-14,Two,WET,99.95
Regenerating forest,07-Aug-14,Two,WET,163.7
Regenerating forest,08-Aug-14,Two,WET,206.2
Regenerating forest,09-Aug-14,Two,WET,288.7
Regenerating forest,10-Aug-14,Two,WET,158.7
Regenerating forest,11-Aug-14,Two,WET,283.7
Regenerating forest,12-Aug-14,Two,WET,186.2
Regenerating forest,13-Aug-14,Two,WET,76.2
Regenerating forest,14-Aug-14,Two,WET,76.2
Regenerating forest,15-Aug-14,Two,WET,151.2
Regenerating forest,16-Aug-14,Two,WET,199.95
Regenerating forest,17-Aug-14,Two,WET,229.95
Regenerating forest,18-Aug-14,Two,WET,181.2
Regenerating forest,19-Aug-14,Two,WET,143.7
Regenerating forest,20-Aug-14,Two,WET,154.95
Regenerating forest,21-Aug-14,Two,WET,281.2
Regenerating forest,22-Aug-14,Two,WET,342.45
Regenerating forest,23-Aug-14,Two,WET,229.95
Regenerating forest,24-Aug-14,Two,WET,258.7
Regenerating forest,25-Aug-14,Two,WET,452.45
Regenerating forest,26-Aug-14,Two,WET,122.45
Regenerating forest,27-Aug-14,Two,WET,137.45
Regenerating forest,28-Aug-14,Two,WET,173.7
Regenerating forest,29-Aug-14,Two,WET,131.2
Regenerating forest,30-Aug-14,Two,WET,156.2
Regenerating forest,31-Aug-14,Two,WET,199.95
Open land,01-Feb-14,Two,DRY,1456.2
Open land,02-Feb-14,Two,DRY,1461.2
Open land,03-Feb-14,Two,DRY,1469.95
Open land,04-Feb-14,Two,DRY,1458.7
Open land,05-Feb-14,Two,DRY,1462.45
Open land,06-Feb-14,Two,DRY,1437.45
Open land,07-Feb-14,Two,DRY,1457.45
Open land,08-Feb-14,Two,DRY,1486.2
Open land,09-Feb-14,Two,DRY,1451.2
Open land,10-Feb-14,Two,DRY,1431.2
Open land,11-Feb-14,Two,DRY,1442.45
Open land,12-Feb-14,Two,DRY,1408.7
Open land,13-Feb-14,Two,DRY,1471.2
Open land,14-Feb-14,Two,DRY,1502.45
Open land,15-Feb-14,Two,DRY,1496.2
Open land,16-Feb-14,Two,DRY,1536.2
Open land,17-Feb-14,Two,DRY,1547.45
Open land,18-Feb-14,Two,DRY,524.95
Open land,19-Feb-14,Two,DRY,1237.45
Open land,20-Feb-14,Two,DRY,1464.95
Open land,21-Feb-14,Two,DRY,564.95
Open land,22-Feb-14,Two,DRY,1621.2
Open land,23-Feb-14,Two,DRY,1537.45
Open land,24-Feb-14,Two,DRY,1532.45
Open land,25-Feb-14,Two,DRY,1539.95
Open land,26-Feb-14,Two,DRY,1439.95
Open land,27-Feb-14,Two,DRY,1461.2
Open land,28-Feb-14,Two,DRY,1546.2
Open land,01-Mar-14,Two,DRY,1528.7
Open land,02-Mar-14,Two,DRY,1449.95
Open land,03-Mar-14,Two,DRY,1487.45
Open land,04-Mar-14,Two,DRY,1462.45
Open land,05-Mar-14,Two,DRY,1488.7
Open land,06-Mar-14,Two,DRY,1573.7
Open land,07-Mar-14,Two,DRY,1602.45
Open land,08-Mar-14,Two,DRY,1528.7
Open land,09-Mar-14,Two,DRY,1546.2
Open land,10-Mar-14,Two,DRY,1427.45
Open land,11-Mar-14,Two,DRY,1408.7
Open land,12-Mar-14,Two,DRY,1544.95
Open land,13-Mar-14,Two,DRY,1557.45
Open land,14-Mar-14,Two,DRY,1217.45
Open land,15-Mar-14,Two,DRY,1096.2
Open land,16-Mar-14,Two,DRY,1513.7
Open land,17-Mar-14,Two,DRY,1333.7
Open land,18-Mar-14,Two,DRY,1503.7
Open land,19-Mar-14,Two,DRY,1462.45
Open land,20-Mar-14,Two,DRY,1302.45
Open land,21-Mar-14,Two,DRY,671.2
Open land,22-Mar-14,Two,DRY,NA
Open land,23-Mar-14,Two,DRY,NA
Open land,24-Mar-14,Two,DRY,NA
Open land,25-Mar-14,Two,DRY,NA
Open land,26-Mar-14,Two,DRY,NA
Open land,27-Mar-14,Two,DRY,NA
Open land,28-Mar-14,Two,DRY,NA
Open land,29-Mar-14,Two,DRY,NA
Open land,30-Mar-14,Two,DRY,NA
Open land,31-Mar-14,Two,DRY,NA
Open land,01-Apr-14,Two,DRY,NA
Open land,02-Apr-14,Two,DRY,NA
Open land,03-Apr-14,Two,DRY,NA
Open land,04-Apr-14,Two,DRY,NA
Open land,05-Apr-14,Two,DRY,NA
Open land,06-Apr-14,Two,DRY,NA
Open land,07-Apr-14,Two,DRY,1683.7
Open land,08-Apr-14,Two,DRY,947.45
Open land,09-Apr-14,Two,DRY,1636.2
Open land,10-Apr-14,Two,DRY,1756.2
Open land,11-Apr-14,Two,DRY,1706.2
Open land,12-Apr-14,Two,DRY,1787.45
Open land,13-Apr-14,Two,DRY,1676.2
Open land,14-Apr-14,Two,DRY,1603.7
Open land,15-Apr-14,Two,DRY,1613.7
Open land,16-Apr-14,Two,DRY,1636.2
Open land,17-Apr-14,Two,DRY,1577.45
Open land,18-Apr-14,Two,DRY,1607.45
Open land,19-Apr-14,Two,DRY,1518.7
Open land,20-Apr-14,Two,DRY,1459.95
Open land,21-Apr-14,Two,DRY,1577.45
Open land,22-Apr-14,Two,DRY,1663.7
Open land,23-Apr-14,Two,DRY,1621.2
Open land,24-Apr-14,Two,DRY,1669.95
Open land,25-Apr-14,Two,DRY,1637.45
Open land,26-Apr-14,Two,DRY,1663.7
Open land,27-Apr-14,Two,DRY,1756.2
Open land,28-Apr-14,Two,DRY,781.2
Open land,29-Apr-14,Two,DRY,663.7
Open land,30-Apr-14,Two,DRY,1804.95
Open land,01-Jun-14,Two,WET,709.95
Open land,02-Jun-14,Two,WET,1231.2
Open land,03-Jun-14,Two,WET,1888.7
Open land,04-Jun-14,Two,WET,1283.7
Open land,05-Jun-14,Two,WET,1239.95
Open land,06-Jun-14,Two,WET,2009.95
Open land,07-Jun-14,Two,WET,1266.2
Open land,08-Jun-14,Two,WET,439.95
Open land,09-Jun-14,Two,WET,603.7
Open land,10-Jun-14,Two,WET,843.7
Open land,11-Jun-14,Two,WET,448.7
Open land,12-Jun-14,Two,WET,756.2
Open land,13-Jun-14,Two,WET,756.2
Open land,14-Jun-14,Two,WET,497.45
Open land,15-Jun-14,Two,WET,803.7
Open land,16-Jun-14,Two,WET,1978.7
Open land,17-Jun-14,Two,WET,857.45
Open land,18-Jun-14,Two,WET,651.2
Open land,19-Jun-14,Two,WET,901.2
Open land,20-Jun-14,Two,WET,1666.2
Open land,21-Jun-14,Two,WET,659.95
Open land,22-Jun-14,Two,WET,982.45
Open land,23-Jun-14,Two,WET,793.7
Open land,24-Jun-14,Two,WET,1077.45
Open land,25-Jun-14,Two,WET,1126.2
Open land,26-Jun-14,Two,WET,1013.7
Open land,27-Jun-14,Two,WET,1367.45
Open land,28-Jun-14,Two,WET,919.95
Open land,29-Jun-14,Two,WET,752.45
Open land,30-Jun-14,Two,WET,279.95
Open land,01-Jul-14,Two,WET,356.2
Open land,02-Jul-14,Two,WET,603.7
Open land,03-Jul-14,Two,WET,1059.95
Open land,04-Jul-14,Two,WET,1309.95
Open land,05-Jul-14,Two,WET,1484.95
Open land,06-Jul-14,Two,WET,797.45
Open land,07-Jul-14,Two,WET,639.95
Open land,08-Jul-14,Two,WET,541.2
Open land,09-Jul-14,Two,WET,1149.95
Open land,10-Jul-14,Two,WET,688.7
Open land,11-Jul-14,Two,WET,1417.45
Open land,12-Jul-14,Two,WET,263.7
Open land,13-Jul-14,Two,WET,1262.45
Open land,14-Jul-14,Two,WET,1329.95
Open land,15-Jul-14,Two,WET,1461.2
Open land,16-Jul-14,Two,WET,813.7
Open land,17-Jul-14,Two,WET,1594.95
Open land,18-Jul-14,Two,WET,354.95
Open land,19-Jul-14,Two,WET,366.2
Open land,20-Jul-14,Two,WET,666.2
Open land,21-Jul-14,Two,WET,394.95
Open land,22-Jul-14,Two,WET,543.7
Open land,23-Jul-14,Two,WET,462.45
Open land,24-Jul-14,Two,WET,467.45
Open land,25-Jul-14,Two,WET,547.45
Open land,26-Jul-14,Two,WET,812.45
Open land,27-Jul-14,Two,WET,581.2
Open land,28-Jul-14,Two,WET,423.7
Open land,29-Jul-14,Two,WET,671.2
Open land,30-Jul-14,Two,WET,923.7
Open land,31-Jul-14,Two,WET,499.95
Open land,01-Aug-14,Two,WET,1211.2
Open land,02-Aug-14,Two,WET,743.7
Open land,03-Aug-14,Two,WET,336.2
Open land,04-Aug-14,Two,WET,623.7
Open land,05-Aug-14,Two,WET,1054.95
Open land,06-Aug-14,Two,WET,353.7
Open land,07-Aug-14,Two,WET,581.2
Open land,08-Aug-14,Two,WET,779.95
Open land,09-Aug-14,Two,WET,1072.45
Open land,10-Aug-14,Two,WET,574.95
Open land,11-Aug-14,Two,WET,993.7
Open land,12-Aug-14,Two,WET,701.2
Open land,13-Aug-14,Two,WET,276.2
Open land,14-Aug-14,Two,WET,279.95
Open land,15-Aug-14,Two,WET,631.2
Open land,16-Aug-14,Two,WET,864.95
Open land,17-Aug-14,Two,WET,894.95
Open land,18-Aug-14,Two,WET,669.95
Open land,19-Aug-14,Two,WET,518.7
Open land,20-Aug-14,Two,WET,573.7
Open land,21-Aug-14,Two,WET,1027.45
Open land,22-Aug-14,Two,WET,1198.7
Open land,23-Aug-14,Two,WET,868.7
Open land,24-Aug-14,Two,WET,954.95
Open land,25-Aug-14,Two,WET,1708.7
Open land,26-Aug-14,Two,WET,498.7
Open land,27-Aug-14,Two,WET,557.45
Open land,28-Aug-14,Two,WET,646.2
Open land,29-Aug-14,Two,WET,488.7
Open land,30-Aug-14,Two,WET,583.7
Open land,31-Aug-14,Two,WET,683.7
