Species,Pos_soil,PLOT,S_PLOT,Number_days,For_type
Cast_mek,up,145,9,91,OC
Lit_cub,up,145,9,91,OC
Cast_mek,down,145,9,91,OC
Lit_cub,down,145,9,91,OC
Cast_mek,up,217,9,91,CC
Lit_cub,up,217,9,91,CC
Cast_mek,down,217,9,91,CC
Lit_cub,down,217,9,91,CC
Cast_mek,up,126,9,91,OL
Lit_cub,up,126,9,91,OL
Cast_mek,down,126,9,91,OL
Lit_cub,down,126,9,91,OL
Cast_mek,up,381,9,91,OC
Lit_cub,up,381,9,91,OC
Cast_mek,down,381,9,91,OC
Lit_cub,down,381,9,91,OC
Cast_mek,up,382,9,91,OL
Lit_cub,up,382,9,91,OL
Cast_mek,down,382,9,91,OL
Lit_cub,down,382,9,91,OL
Cast_mek,up,365,9,91,CC
Lit_cub,up,365,9,91,CC
Cast_mek,down,365,9,91,CC
Lit_cub,down,365,9,91,CC
Cast_mek,up,259,9,91,OC
Lit_cub,up,259,9,91,OC
Cast_mek,down,259,9,91,OC
Lit_cub,down,259,9,91,OC
Cast_mek,up,240,9,91,CC
Lit_cub,up,240,9,91,CC
Cast_mek,down,240,9,91,CC
Lit_cub,down,240,9,91,CC
Cast_mek,up,90,9,91,OC
Lit_cub,up,90,9,91,OC
Cast_mek,down,90,9,91,OC
Lit_cub,down,90,9,91,OC
Cast_mek,up,75,9,91,CC
Lit_cub,up,75,9,91,CC
Cast_mek,down,75,9,91,CC
Lit_cub,down,75,9,91,CC
Cast_mek,up,357,9,91,OL
Lit_cub,up,357,9,91,OL
Cast_mek,down,357,9,91,OL
Lit_cub,down,357,9,91,OL
Cast_mek,up,83,9,91,OC
Lit_cub,up,83,9,91,OC
Cast_mek,down,83,9,91,OC
Lit_cub,down,83,9,91,OC
Cast_mek,up,119,9,91,OL
Lit_cub,up,119,9,91,OL
Cast_mek,down,119,9,91,OL
Lit_cub,down,119,9,91,OL
Cast_mek,up,404,9,91,CC
Lit_cub,up,404,9,91,CC
Cast_mek,down,404,9,91,CC
Lit_cub,down,404,9,91,CC
Cast_mek,up,58,9,91,OC
Lit_cub,up,58,9,91,OC
Cast_mek,down,58,9,91,OC
Lit_cub,down,58,9,91,OC
Cast_mek,up,192,9,91,CC
Lit_cub,up,192,9,91,CC
Cast_mek,down,192,9,91,CC
Lit_cub,down,192,9,91,CC
Cast_mek,up,372,9,91,OC
Lit_cub,up,372,9,91,OC
Cast_mek,down,372,9,91,OC
Lit_cub,down,372,9,91,OC
Cast_mek,up,398,9,91,CC
Lit_cub,up,398,9,91,CC
Cast_mek,down,398,9,91,CC
Lit_cub,down,398,9,91,CC
Cast_mek,up,234,9,91,OC
Lit_cub,up,234,9,91,OC
Cast_mek,down,234,9,91,OC
Lit_cub,down,234,9,91,OC
Cast_mek,up,214,9,91,CC
Lit_cub,up,214,9,91,CC
Cast_mek,down,214,9,91,CC
Lit_cub,down,214,9,91,CC
Cast_mek,up,405,9,91,OC
Lit_cub,up,405,9,91,OC
Cast_mek,down,405,9,91,OC
Lit_cub,down,405,9,91,OC
Cast_mek,up,207,9,91,OL
Lit_cub,up,207,9,91,OL
Cast_mek,down,207,9,91,OL
Lit_cub,down,207,9,91,OL
Cast_mek,up,189,9,91,CC
Lit_cub,up,189,9,91,CC
Cast_mek,down,189,9,91,CC
Lit_cub,down,189,9,91,CC
Cast_mek,up,49,9,91,OC
Lit_cub,up,49,9,91,OC
Cast_mek,down,49,9,91,OC
Lit_cub,down,49,9,91,OC
Cast_mek,up,107,9,91,CC
Lit_cub,up,107,9,91,CC
Cast_mek,down,107,9,91,CC
Lit_cub,down,107,9,91,CC
Cast_mek,up,271,9,91,OC
Lit_cub,up,271,9,91,OC
Cast_mek,down,271,9,91,OC
Lit_cub,down,271,9,91,OC
Cast_mek,up,7,9,91,OC
Lit_cub,up,7,9,91,OC
Cast_mek,down,7,9,91,OC
Lit_cub,down,7,9,91,OC
Cast_mek,up,145,3,91,OC
Lit_cub,up,145,3,91,OC
Cast_mek,down,145,3,91,OC
Lit_cub,down,145,3,91,OC
Cast_mek,up,217,3,91,CC
Lit_cub,up,217,3,91,CC
Cast_mek,down,217,3,91,CC
Lit_cub,down,217,3,91,CC
Cast_mek,up,126,3,91,OL
Lit_cub,up,126,3,91,OL
Cast_mek,down,126,3,91,OL
Lit_cub,down,126,3,91,OL
Cast_mek,up,381,3,91,OC
Lit_cub,up,381,3,91,OC
Cast_mek,down,381,3,91,OC
Lit_cub,down,381,3,91,OC
Cast_mek,up,382,3,91,OL
Lit_cub,up,382,3,91,OL
Cast_mek,down,382,3,91,OL
Lit_cub,down,382,3,91,OL
Cast_mek,up,365,3,91,CC
Lit_cub,up,365,3,91,CC
Cast_mek,down,365,3,91,CC
Lit_cub,down,365,3,91,CC
Cast_mek,up,259,3,91,OC
Lit_cub,up,259,3,91,OC
Cast_mek,down,259,3,91,OC
Lit_cub,down,259,3,91,OC
Cast_mek,up,240,3,91,CC
Lit_cub,up,240,3,91,CC
Cast_mek,down,240,3,91,CC
Lit_cub,down,240,3,91,CC
Cast_mek,up,90,3,91,OC
Lit_cub,up,90,3,91,OC
Cast_mek,down,90,3,91,OC
Lit_cub,down,90,3,91,OC
Cast_mek,up,75,3,91,CC
Lit_cub,up,75,3,91,CC
Cast_mek,down,75,3,91,CC
Lit_cub,down,75,3,91,CC
Cast_mek,up,357,3,91,OL
Lit_cub,up,357,3,91,OL
Cast_mek,down,357,3,91,OL
Lit_cub,down,357,3,91,OL
Cast_mek,up,83,3,91,OC
Lit_cub,up,83,3,91,OC
Cast_mek,down,83,3,91,OC
Lit_cub,down,83,3,91,OC
Cast_mek,up,119,3,91,OL
Lit_cub,up,119,3,91,OL
Cast_mek,down,119,3,91,OL
Lit_cub,down,119,3,91,OL
Cast_mek,up,404,3,91,CC
Lit_cub,up,404,3,91,CC
Cast_mek,down,404,3,91,CC
Lit_cub,down,404,3,91,CC
Cast_mek,up,58,3,91,OC
Lit_cub,up,58,3,91,OC
Cast_mek,down,58,3,91,OC
Lit_cub,down,58,3,91,OC
Cast_mek,up,192,3,91,CC
Lit_cub,up,192,3,91,CC
Cast_mek,down,192,3,91,CC
Lit_cub,down,192,3,91,CC
Cast_mek,up,372,3,91,OC
Lit_cub,up,372,3,91,OC
Cast_mek,down,372,3,91,OC
Lit_cub,down,372,3,91,OC
Cast_mek,up,398,3,91,CC
Lit_cub,up,398,3,91,CC
Cast_mek,down,398,3,91,CC
Lit_cub,down,398,3,91,CC
Cast_mek,up,234,3,91,OC
Lit_cub,up,234,3,91,OC
Cast_mek,down,234,3,91,OC
Lit_cub,down,234,3,91,OC
Cast_mek,up,214,3,91,CC
Lit_cub,up,214,3,91,CC
Cast_mek,down,214,3,91,CC
Lit_cub,down,214,3,91,CC
Cast_mek,up,405,3,91,OC
Lit_cub,up,405,3,91,OC
Cast_mek,down,405,3,91,OC
Lit_cub,down,405,3,91,OC
Cast_mek,up,207,3,91,OL
Lit_cub,up,207,3,91,OL
Cast_mek,down,207,3,91,OL
Lit_cub,down,207,3,91,OL
Cast_mek,up,189,3,91,CC
Lit_cub,up,189,3,91,CC
Cast_mek,down,189,3,91,CC
Lit_cub,down,189,3,91,CC
Cast_mek,up,49,3,91,OC
Lit_cub,up,49,3,91,OC
Cast_mek,down,49,3,91,OC
Lit_cub,down,49,3,91,OC
Cast_mek,up,107,3,91,CC
Lit_cub,up,107,3,91,CC
Cast_mek,down,107,3,91,CC
Lit_cub,down,107,3,91,CC
Cast_mek,up,271,3,91,OC
Lit_cub,up,271,3,91,OC
Cast_mek,down,271,3,91,OC
Lit_cub,down,271,3,91,OC
Cast_mek,up,7,3,91,OC
Lit_cub,up,7,3,91,OC
Cast_mek,down,7,3,91,OC
Lit_cub,down,7,3,91,OC
Cast_mek,up,145,7,91,OC
Lit_cub,up,145,7,91,OC
Cast_mek,down,145,7,91,OC
Lit_cub,down,145,7,91,OC
Cast_mek,up,217,7,91,CC
Lit_cub,up,217,7,91,CC
Cast_mek,down,217,7,91,CC
Lit_cub,down,217,7,91,CC
Cast_mek,up,126,7,91,OL
Lit_cub,up,126,7,91,OL
Cast_mek,down,126,7,91,OL
Lit_cub,down,126,7,91,OL
Cast_mek,up,381,7,91,OC
Lit_cub,up,381,7,91,OC
Cast_mek,down,381,7,91,OC
Lit_cub,down,381,7,91,OC
Cast_mek,up,382,7,91,OL
Lit_cub,up,382,7,91,OL
Cast_mek,down,382,7,91,OL
Lit_cub,down,382,7,91,OL
Cast_mek,up,365,7,91,CC
Lit_cub,up,365,7,91,CC
Cast_mek,down,365,7,91,CC
Lit_cub,down,365,7,91,CC
Cast_mek,up,259,7,91,OC
Lit_cub,up,259,7,91,OC
Cast_mek,down,259,7,91,OC
Lit_cub,down,259,7,91,OC
Cast_mek,up,240,7,91,CC
Lit_cub,up,240,7,91,CC
Cast_mek,down,240,7,91,CC
Lit_cub,down,240,7,91,CC
Cast_mek,up,90,7,91,OC
Lit_cub,up,90,7,91,OC
Cast_mek,down,90,7,91,OC
Lit_cub,down,90,7,91,OC
Cast_mek,up,75,7,91,CC
Lit_cub,up,75,7,91,CC
Cast_mek,down,75,7,91,CC
Lit_cub,down,75,7,91,CC
Cast_mek,up,357,7,91,OL
Lit_cub,up,357,7,91,OL
Cast_mek,down,357,7,91,OL
Lit_cub,down,357,7,91,OL
Cast_mek,up,83,7,91,OC
Lit_cub,up,83,7,91,OC
Cast_mek,down,83,7,91,OC
Lit_cub,down,83,7,91,OC
Cast_mek,up,119,7,91,OL
Lit_cub,up,119,7,91,OL
Cast_mek,down,119,7,91,OL
Lit_cub,down,119,7,91,OL
Cast_mek,up,404,7,91,CC
Lit_cub,up,404,7,91,CC
Cast_mek,down,404,7,91,CC
Lit_cub,down,404,7,91,CC
Cast_mek,up,58,7,91,OC
Lit_cub,up,58,7,91,OC
Cast_mek,down,58,7,91,OC
Lit_cub,down,58,7,91,OC
Cast_mek,up,192,7,91,CC
Lit_cub,up,192,7,91,CC
Cast_mek,down,192,7,91,CC
Lit_cub,down,192,7,91,CC
Cast_mek,up,372,7,91,OC
Lit_cub,up,372,7,91,OC
Cast_mek,down,372,7,91,OC
Lit_cub,down,372,7,91,OC
Cast_mek,up,398,7,91,CC
Lit_cub,up,398,7,91,CC
Cast_mek,down,398,7,91,CC
Lit_cub,down,398,7,91,CC
Cast_mek,up,234,7,91,OC
Lit_cub,up,234,7,91,OC
Cast_mek,down,234,7,91,OC
Lit_cub,down,234,7,91,OC
Cast_mek,up,214,7,91,CC
Lit_cub,up,214,7,91,CC
Cast_mek,down,214,7,91,CC
Lit_cub,down,214,7,91,CC
Cast_mek,up,405,7,91,OC
Lit_cub,up,405,7,91,OC
Cast_mek,down,405,7,91,OC
Lit_cub,down,405,7,91,OC
Cast_mek,up,207,7,91,OL
Lit_cub,up,207,7,91,OL
Cast_mek,down,207,7,91,OL
Lit_cub,down,207,7,91,OL
Cast_mek,up,189,7,91,CC
Lit_cub,up,189,7,91,CC
Cast_mek,down,189,7,91,CC
Lit_cub,down,189,7,91,CC
Cast_mek,up,49,7,91,OC
Lit_cub,up,49,7,91,OC
Cast_mek,down,49,7,91,OC
Lit_cub,down,49,7,91,OC
Cast_mek,up,107,7,91,CC
Lit_cub,up,107,7,91,CC
Cast_mek,down,107,7,91,CC
Lit_cub,down,107,7,91,CC
Cast_mek,up,271,7,91,OC
Lit_cub,up,271,7,91,OC
Cast_mek,down,271,7,91,OC
Lit_cub,down,271,7,91,OC
Cast_mek,up,7,7,91,OC
Lit_cub,up,7,7,91,OC
Cast_mek,down,7,7,91,OC
Lit_cub,down,7,7,91,OC
Cast_mek,up,145,5,91,OC
Lit_cub,up,145,5,91,OC
Cast_mek,down,145,5,91,OC
Lit_cub,down,145,5,91,OC
Cast_mek,up,217,5,91,CC
Lit_cub,up,217,5,91,CC
Cast_mek,down,217,5,91,CC
Lit_cub,down,217,5,91,CC
Cast_mek,up,126,5,91,OL
Lit_cub,up,126,5,91,OL
Cast_mek,down,126,5,91,OL
Lit_cub,down,126,5,91,OL
Cast_mek,up,381,5,91,OC
Lit_cub,up,381,5,91,OC
Cast_mek,down,381,5,91,OC
Lit_cub,down,381,5,91,OC
Cast_mek,up,382,5,91,OL
Lit_cub,up,382,5,91,OL
Cast_mek,down,382,5,91,OL
Lit_cub,down,382,5,91,OL
Cast_mek,up,365,5,91,CC
Lit_cub,up,365,5,91,CC
Cast_mek,down,365,5,91,CC
Lit_cub,down,365,5,91,CC
Cast_mek,up,259,5,91,OC
Lit_cub,up,259,5,91,OC
Cast_mek,down,259,5,91,OC
Lit_cub,down,259,5,91,OC
Cast_mek,up,240,5,91,CC
Lit_cub,up,240,5,91,CC
Cast_mek,down,240,5,91,CC
Lit_cub,down,240,5,91,CC
Cast_mek,up,90,5,91,OC
Lit_cub,up,90,5,91,OC
Cast_mek,down,90,5,91,OC
Lit_cub,down,90,5,91,OC
Cast_mek,up,75,5,91,CC
Lit_cub,up,75,5,91,CC
Cast_mek,down,75,5,91,CC
Lit_cub,down,75,5,91,CC
Cast_mek,up,357,5,91,OL
Lit_cub,up,357,5,91,OL
Cast_mek,down,357,5,91,OL
Lit_cub,down,357,5,91,OL
Cast_mek,up,83,5,91,OC
Lit_cub,up,83,5,91,OC
Cast_mek,down,83,5,91,OC
Lit_cub,down,83,5,91,OC
Cast_mek,up,119,5,91,OL
Lit_cub,up,119,5,91,OL
Cast_mek,down,119,5,91,OL
Lit_cub,down,119,5,91,OL
Cast_mek,up,404,5,91,CC
Lit_cub,up,404,5,91,CC
Cast_mek,down,404,5,91,CC
Lit_cub,down,404,5,91,CC
Cast_mek,up,58,5,91,OC
Lit_cub,up,58,5,91,OC
Cast_mek,down,58,5,91,OC
Lit_cub,down,58,5,91,OC
Cast_mek,up,192,5,91,CC
Lit_cub,up,192,5,91,CC
Cast_mek,down,192,5,91,CC
Lit_cub,down,192,5,91,CC
Cast_mek,up,372,5,91,OC
Lit_cub,up,372,5,91,OC
Cast_mek,down,372,5,91,OC
Lit_cub,down,372,5,91,OC
Cast_mek,up,398,5,91,CC
Lit_cub,up,398,5,91,CC
Cast_mek,down,398,5,91,CC
Lit_cub,down,398,5,91,CC
Cast_mek,up,234,5,91,OC
Lit_cub,up,234,5,91,OC
Cast_mek,down,234,5,91,OC
Lit_cub,down,234,5,91,OC
Cast_mek,up,214,5,91,CC
Lit_cub,up,214,5,91,CC
Cast_mek,down,214,5,91,CC
Lit_cub,down,214,5,91,CC
Cast_mek,up,405,5,91,OC
Lit_cub,up,405,5,91,OC
Cast_mek,down,405,5,91,OC
Lit_cub,down,405,5,91,OC
Cast_mek,up,207,5,91,OL
Lit_cub,up,207,5,91,OL
Cast_mek,down,207,5,91,OL
Lit_cub,down,207,5,91,OL
Cast_mek,up,189,5,91,CC
Lit_cub,up,189,5,91,CC
Cast_mek,down,189,5,91,CC
Lit_cub,down,189,5,91,CC
Cast_mek,up,49,5,91,OC
Lit_cub,up,49,5,91,OC
Cast_mek,down,49,5,91,OC
Lit_cub,down,49,5,91,OC
Cast_mek,up,107,5,91,CC
Lit_cub,up,107,5,91,CC
Cast_mek,down,107,5,91,CC
Lit_cub,down,107,5,91,CC
Cast_mek,up,271,5,91,OC
Lit_cub,up,271,5,91,OC
Cast_mek,down,271,5,91,OC
Lit_cub,down,271,5,91,OC
Cast_mek,up,7,5,91,OC
Lit_cub,up,7,5,91,OC
Cast_mek,down,7,5,91,OC
Lit_cub,down,7,5,91,OC
Cast_mek,up,145,1,91,OC
Lit_cub,up,145,1,91,OC
Cast_mek,down,145,1,91,OC
Lit_cub,down,145,1,91,OC
Cast_mek,up,217,1,91,CC
Lit_cub,up,217,1,91,CC
Cast_mek,down,217,1,91,CC
Lit_cub,down,217,1,91,CC
Cast_mek,up,126,1,91,OL
Lit_cub,up,126,1,91,OL
Cast_mek,down,126,1,91,OL
Lit_cub,down,126,1,91,OL
Cast_mek,up,381,1,91,OC
Lit_cub,up,381,1,91,OC
Cast_mek,down,381,1,91,OC
Lit_cub,down,381,1,91,OC
Cast_mek,up,382,1,91,OL
Lit_cub,up,382,1,91,OL
Cast_mek,down,382,1,91,OL
Lit_cub,down,382,1,91,OL
Cast_mek,up,365,1,91,CC
Lit_cub,up,365,1,91,CC
Cast_mek,down,365,1,91,CC
Lit_cub,down,365,1,91,CC
Cast_mek,up,259,1,91,OC
Lit_cub,up,259,1,91,OC
Cast_mek,down,259,1,91,OC
Lit_cub,down,259,1,91,OC
Cast_mek,up,240,1,91,CC
Lit_cub,up,240,1,91,CC
Cast_mek,down,240,1,91,CC
Lit_cub,down,240,1,91,CC
Cast_mek,up,90,1,91,OC
Lit_cub,up,90,1,91,OC
Cast_mek,down,90,1,91,OC
Lit_cub,down,90,1,91,OC
Cast_mek,up,75,1,91,CC
Lit_cub,up,75,1,91,CC
Cast_mek,down,75,1,91,CC
Lit_cub,down,75,1,91,CC
Cast_mek,up,357,1,91,OL
Lit_cub,up,357,1,91,OL
Cast_mek,down,357,1,91,OL
Lit_cub,down,357,1,91,OL
Cast_mek,up,83,1,91,OC
Lit_cub,up,83,1,91,OC
Cast_mek,down,83,1,91,OC
Lit_cub,down,83,1,91,OC
Cast_mek,up,119,1,91,OL
Lit_cub,up,119,1,91,OL
Cast_mek,down,119,1,91,OL
Lit_cub,down,119,1,91,OL
Cast_mek,up,404,1,91,CC
Lit_cub,up,404,1,91,CC
Cast_mek,down,404,1,91,CC
Lit_cub,down,404,1,91,CC
Cast_mek,up,58,1,91,OC
Lit_cub,up,58,1,91,OC
Cast_mek,down,58,1,91,OC
Lit_cub,down,58,1,91,OC
Cast_mek,up,192,1,91,CC
Lit_cub,up,192,1,91,CC
Cast_mek,down,192,1,91,CC
Lit_cub,down,192,1,91,CC
Cast_mek,up,372,1,91,OC
Lit_cub,up,372,1,91,OC
Cast_mek,down,372,1,91,OC
Lit_cub,down,372,1,91,OC
Cast_mek,up,398,1,91,CC
Lit_cub,up,398,1,91,CC
Cast_mek,down,398,1,91,CC
Lit_cub,down,398,1,91,CC
Cast_mek,up,234,1,91,OC
Lit_cub,up,234,1,91,OC
Cast_mek,down,234,1,91,OC
Lit_cub,down,234,1,91,OC
Cast_mek,up,214,1,91,CC
Lit_cub,up,214,1,91,CC
Cast_mek,down,214,1,91,CC
Lit_cub,down,214,1,91,CC
Cast_mek,up,405,1,91,OC
Lit_cub,up,405,1,91,OC
Cast_mek,down,405,1,91,OC
Lit_cub,down,405,1,91,OC
Cast_mek,up,207,1,91,OL
Lit_cub,up,207,1,91,OL
Cast_mek,down,207,1,91,OL
Lit_cub,down,207,1,91,OL
Cast_mek,up,189,1,91,CC
Lit_cub,up,189,1,91,CC
Cast_mek,down,189,1,91,CC
Lit_cub,down,189,1,91,CC
Cast_mek,up,49,1,91,OC
Lit_cub,up,49,1,91,OC
Cast_mek,down,49,1,91,OC
Lit_cub,down,49,1,91,OC
Cast_mek,up,107,1,91,CC
Lit_cub,up,107,1,91,CC
Cast_mek,down,107,1,91,CC
Lit_cub,down,107,1,91,CC
Cast_mek,up,271,1,91,OC
Lit_cub,up,271,1,91,OC
Cast_mek,down,271,1,91,OC
Lit_cub,down,271,1,91,OC
Cast_mek,up,7,1,91,OC
Lit_cub,up,7,1,91,OC
Cast_mek,down,7,1,91,OC
Lit_cub,down,7,1,91,OC
Cast_mek,up,145,9,182,OC
Lit_cub,up,145,9,182,OC
Cast_mek,down,145,9,182,OC
Lit_cub,down,145,9,182,OC
Cast_mek,up,217,9,182,CC
Lit_cub,up,217,9,182,CC
Cast_mek,down,217,9,182,CC
Lit_cub,down,217,9,182,CC
Cast_mek,up,126,9,182,OL
Lit_cub,up,126,9,182,OL
Cast_mek,down,126,9,182,OL
Lit_cub,down,126,9,182,OL
Cast_mek,up,381,9,182,OC
Lit_cub,up,381,9,182,OC
Cast_mek,down,381,9,182,OC
Lit_cub,down,381,9,182,OC
Cast_mek,up,382,9,182,OL
Lit_cub,up,382,9,182,OL
Cast_mek,down,382,9,182,OL
Lit_cub,down,382,9,182,OL
Cast_mek,up,365,9,182,CC
Lit_cub,up,365,9,182,CC
Cast_mek,down,365,9,182,CC
Lit_cub,down,365,9,182,CC
Cast_mek,up,259,9,182,OC
Lit_cub,up,259,9,182,OC
Cast_mek,down,259,9,182,OC
Lit_cub,down,259,9,182,OC
Cast_mek,up,240,9,182,CC
Lit_cub,up,240,9,182,CC
Cast_mek,down,240,9,182,CC
Lit_cub,down,240,9,182,CC
Cast_mek,up,90,9,182,OC
Lit_cub,up,90,9,182,OC
Cast_mek,down,90,9,182,OC
Lit_cub,down,90,9,182,OC
Cast_mek,up,75,9,182,CC
Lit_cub,up,75,9,182,CC
Cast_mek,down,75,9,182,CC
Lit_cub,down,75,9,182,CC
Cast_mek,up,357,9,182,OL
Lit_cub,up,357,9,182,OL
Cast_mek,down,357,9,182,OL
Lit_cub,down,357,9,182,OL
Cast_mek,up,83,9,182,OC
Lit_cub,up,83,9,182,OC
Cast_mek,down,83,9,182,OC
Lit_cub,down,83,9,182,OC
Cast_mek,up,119,9,182,OL
Lit_cub,up,119,9,182,OL
Cast_mek,down,119,9,182,OL
Lit_cub,down,119,9,182,OL
Cast_mek,up,404,9,182,CC
Lit_cub,up,404,9,182,CC
Cast_mek,down,404,9,182,CC
Lit_cub,down,404,9,182,CC
Cast_mek,up,58,9,182,OC
Lit_cub,up,58,9,182,OC
Cast_mek,down,58,9,182,OC
Lit_cub,down,58,9,182,OC
Cast_mek,up,192,9,182,CC
Lit_cub,up,192,9,182,CC
Cast_mek,down,192,9,182,CC
Lit_cub,down,192,9,182,CC
Cast_mek,up,372,9,182,OC
Lit_cub,up,372,9,182,OC
Cast_mek,down,372,9,182,OC
Lit_cub,down,372,9,182,OC
Cast_mek,up,398,9,182,CC
Lit_cub,up,398,9,182,CC
Cast_mek,down,398,9,182,CC
Lit_cub,down,398,9,182,CC
Cast_mek,up,234,9,182,OC
Lit_cub,up,234,9,182,OC
Cast_mek,down,234,9,182,OC
Lit_cub,down,234,9,182,OC
Cast_mek,up,214,9,182,CC
Lit_cub,up,214,9,182,CC
Cast_mek,down,214,9,182,CC
Lit_cub,down,214,9,182,CC
Cast_mek,up,405,9,182,OC
Lit_cub,up,405,9,182,OC
Cast_mek,down,405,9,182,OC
Lit_cub,down,405,9,182,OC
Cast_mek,up,207,9,182,OL
Lit_cub,up,207,9,182,OL
Cast_mek,down,207,9,182,OL
Lit_cub,down,207,9,182,OL
Cast_mek,up,189,9,182,CC
Lit_cub,up,189,9,182,CC
Cast_mek,down,189,9,182,CC
Lit_cub,down,189,9,182,CC
Cast_mek,up,49,9,182,OC
Lit_cub,up,49,9,182,OC
Cast_mek,down,49,9,182,OC
Lit_cub,down,49,9,182,OC
Cast_mek,up,107,9,182,CC
Lit_cub,up,107,9,182,CC
Cast_mek,down,107,9,182,CC
Lit_cub,down,107,9,182,CC
Cast_mek,up,271,9,182,OC
Lit_cub,up,271,9,182,OC
Cast_mek,down,271,9,182,OC
Lit_cub,down,271,9,182,OC
Cast_mek,up,7,9,182,OC
Lit_cub,up,7,9,182,OC
Cast_mek,down,7,9,182,OC
Lit_cub,down,7,9,182,OC
Cast_mek,up,145,3,182,OC
Lit_cub,up,145,3,182,OC
Cast_mek,down,145,3,182,OC
Lit_cub,down,145,3,182,OC
Cast_mek,up,217,3,182,CC
Lit_cub,up,217,3,182,CC
Cast_mek,down,217,3,182,CC
Lit_cub,down,217,3,182,CC
Cast_mek,up,126,3,182,OL
Lit_cub,up,126,3,182,OL
Cast_mek,down,126,3,182,OL
Lit_cub,down,126,3,182,OL
Cast_mek,up,381,3,182,OC
Lit_cub,up,381,3,182,OC
Cast_mek,down,381,3,182,OC
Lit_cub,down,381,3,182,OC
Cast_mek,up,382,3,182,OL
Lit_cub,up,382,3,182,OL
Cast_mek,down,382,3,182,OL
Lit_cub,down,382,3,182,OL
Cast_mek,up,365,3,182,CC
Lit_cub,up,365,3,182,CC
Cast_mek,down,365,3,182,CC
Lit_cub,down,365,3,182,CC
Cast_mek,up,259,3,182,OC
Lit_cub,up,259,3,182,OC
Cast_mek,down,259,3,182,OC
Lit_cub,down,259,3,182,OC
Cast_mek,up,240,3,182,CC
Lit_cub,up,240,3,182,CC
Cast_mek,down,240,3,182,CC
Lit_cub,down,240,3,182,CC
Cast_mek,up,90,3,182,OC
Lit_cub,up,90,3,182,OC
Cast_mek,down,90,3,182,OC
Lit_cub,down,90,3,182,OC
Cast_mek,up,75,3,182,CC
Lit_cub,up,75,3,182,CC
Cast_mek,down,75,3,182,CC
Lit_cub,down,75,3,182,CC
Cast_mek,up,357,3,182,OL
Lit_cub,up,357,3,182,OL
Cast_mek,down,357,3,182,OL
Lit_cub,down,357,3,182,OL
Cast_mek,up,83,3,182,OC
Lit_cub,up,83,3,182,OC
Cast_mek,down,83,3,182,OC
Lit_cub,down,83,3,182,OC
Cast_mek,up,119,3,182,OL
Lit_cub,up,119,3,182,OL
Cast_mek,down,119,3,182,OL
Lit_cub,down,119,3,182,OL
Cast_mek,up,404,3,182,CC
Lit_cub,up,404,3,182,CC
Cast_mek,down,404,3,182,CC
Lit_cub,down,404,3,182,CC
Cast_mek,up,58,3,182,OC
Lit_cub,up,58,3,182,OC
Cast_mek,down,58,3,182,OC
Lit_cub,down,58,3,182,OC
Cast_mek,up,192,3,182,CC
Lit_cub,up,192,3,182,CC
Cast_mek,down,192,3,182,CC
Lit_cub,down,192,3,182,CC
Cast_mek,up,372,3,182,OC
Lit_cub,up,372,3,182,OC
Cast_mek,down,372,3,182,OC
Lit_cub,down,372,3,182,OC
Cast_mek,up,398,3,182,CC
Lit_cub,up,398,3,182,CC
Cast_mek,down,398,3,182,CC
Lit_cub,down,398,3,182,CC
Cast_mek,up,234,3,182,OC
Lit_cub,up,234,3,182,OC
Cast_mek,down,234,3,182,OC
Lit_cub,down,234,3,182,OC
Cast_mek,up,214,3,182,CC
Lit_cub,up,214,3,182,CC
Cast_mek,down,214,3,182,CC
Lit_cub,down,214,3,182,CC
Cast_mek,up,405,3,182,OC
Lit_cub,up,405,3,182,OC
Cast_mek,down,405,3,182,OC
Lit_cub,down,405,3,182,OC
Cast_mek,up,207,3,182,OL
Lit_cub,up,207,3,182,OL
Cast_mek,down,207,3,182,OL
Lit_cub,down,207,3,182,OL
Cast_mek,up,189,3,182,CC
Lit_cub,up,189,3,182,CC
Cast_mek,down,189,3,182,CC
Lit_cub,down,189,3,182,CC
Cast_mek,up,49,3,182,OC
Lit_cub,up,49,3,182,OC
Cast_mek,down,49,3,182,OC
Lit_cub,down,49,3,182,OC
Cast_mek,up,107,3,182,CC
Lit_cub,up,107,3,182,CC
Cast_mek,down,107,3,182,CC
Lit_cub,down,107,3,182,CC
Cast_mek,up,271,3,182,OC
Lit_cub,up,271,3,182,OC
Cast_mek,down,271,3,182,OC
Lit_cub,down,271,3,182,OC
Cast_mek,up,7,3,182,OC
Lit_cub,up,7,3,182,OC
Cast_mek,down,7,3,182,OC
Lit_cub,down,7,3,182,OC
Cast_mek,up,145,7,182,OC
Lit_cub,up,145,7,182,OC
Cast_mek,down,145,7,182,OC
Lit_cub,down,145,7,182,OC
Cast_mek,up,217,7,182,CC
Lit_cub,up,217,7,182,CC
Cast_mek,down,217,7,182,CC
Lit_cub,down,217,7,182,CC
Cast_mek,up,126,7,182,OL
Lit_cub,up,126,7,182,OL
Cast_mek,down,126,7,182,OL
Lit_cub,down,126,7,182,OL
Cast_mek,up,381,7,182,OC
Lit_cub,up,381,7,182,OC
Cast_mek,down,381,7,182,OC
Lit_cub,down,381,7,182,OC
Cast_mek,up,382,7,182,OL
Lit_cub,up,382,7,182,OL
Cast_mek,down,382,7,182,OL
Lit_cub,down,382,7,182,OL
Cast_mek,up,365,7,182,CC
Lit_cub,up,365,7,182,CC
Cast_mek,down,365,7,182,CC
Lit_cub,down,365,7,182,CC
Cast_mek,up,259,7,182,OC
Lit_cub,up,259,7,182,OC
Cast_mek,down,259,7,182,OC
Lit_cub,down,259,7,182,OC
Cast_mek,up,240,7,182,CC
Lit_cub,up,240,7,182,CC
Cast_mek,down,240,7,182,CC
Lit_cub,down,240,7,182,CC
Cast_mek,up,90,7,182,OC
Lit_cub,up,90,7,182,OC
Cast_mek,down,90,7,182,OC
Lit_cub,down,90,7,182,OC
Cast_mek,up,75,7,182,CC
Lit_cub,up,75,7,182,CC
Cast_mek,down,75,7,182,CC
Lit_cub,down,75,7,182,CC
Cast_mek,up,357,7,182,OL
Lit_cub,up,357,7,182,OL
Cast_mek,down,357,7,182,OL
Lit_cub,down,357,7,182,OL
Cast_mek,up,83,7,182,OC
Lit_cub,up,83,7,182,OC
Cast_mek,down,83,7,182,OC
Lit_cub,down,83,7,182,OC
Cast_mek,up,119,7,182,OL
Lit_cub,up,119,7,182,OL
Cast_mek,down,119,7,182,OL
Lit_cub,down,119,7,182,OL
Cast_mek,up,404,7,182,CC
Lit_cub,up,404,7,182,CC
Cast_mek,down,404,7,182,CC
Lit_cub,down,404,7,182,CC
Cast_mek,up,58,7,182,OC
Lit_cub,up,58,7,182,OC
Cast_mek,down,58,7,182,OC
Lit_cub,down,58,7,182,OC
Cast_mek,up,192,7,182,CC
Lit_cub,up,192,7,182,CC
Cast_mek,down,192,7,182,CC
Lit_cub,down,192,7,182,CC
Cast_mek,up,372,7,182,OC
Lit_cub,up,372,7,182,OC
Cast_mek,down,372,7,182,OC
Lit_cub,down,372,7,182,OC
Cast_mek,up,398,7,182,CC
Lit_cub,up,398,7,182,CC
Cast_mek,down,398,7,182,CC
Lit_cub,down,398,7,182,CC
Cast_mek,up,234,7,182,OC
Lit_cub,up,234,7,182,OC
Cast_mek,down,234,7,182,OC
Lit_cub,down,234,7,182,OC
Cast_mek,up,214,7,182,CC
Lit_cub,up,214,7,182,CC
Cast_mek,down,214,7,182,CC
Lit_cub,down,214,7,182,CC
Cast_mek,up,405,7,182,OC
Lit_cub,up,405,7,182,OC
Cast_mek,down,405,7,182,OC
Lit_cub,down,405,7,182,OC
Cast_mek,up,207,7,182,OL
Lit_cub,up,207,7,182,OL
Cast_mek,down,207,7,182,OL
Lit_cub,down,207,7,182,OL
Cast_mek,up,189,7,182,CC
Lit_cub,up,189,7,182,CC
Cast_mek,down,189,7,182,CC
Lit_cub,down,189,7,182,CC
Cast_mek,up,49,7,182,OC
Lit_cub,up,49,7,182,OC
Cast_mek,down,49,7,182,OC
Lit_cub,down,49,7,182,OC
Cast_mek,up,107,7,182,CC
Lit_cub,up,107,7,182,CC
Cast_mek,down,107,7,182,CC
Lit_cub,down,107,7,182,CC
Cast_mek,up,271,7,182,OC
Lit_cub,up,271,7,182,OC
Cast_mek,down,271,7,182,OC
Lit_cub,down,271,7,182,OC
Cast_mek,up,7,7,182,OC
Lit_cub,up,7,7,182,OC
Cast_mek,down,7,7,182,OC
Lit_cub,down,7,7,182,OC
Cast_mek,up,145,5,182,OC
Lit_cub,up,145,5,182,OC
Cast_mek,down,145,5,182,OC
Lit_cub,down,145,5,182,OC
Cast_mek,up,217,5,182,CC
Lit_cub,up,217,5,182,CC
Cast_mek,down,217,5,182,CC
Lit_cub,down,217,5,182,CC
Cast_mek,up,126,5,182,OL
Lit_cub,up,126,5,182,OL
Cast_mek,down,126,5,182,OL
Lit_cub,down,126,5,182,OL
Cast_mek,up,381,5,182,OC
Lit_cub,up,381,5,182,OC
Cast_mek,down,381,5,182,OC
Lit_cub,down,381,5,182,OC
Cast_mek,up,382,5,182,OL
Lit_cub,up,382,5,182,OL
Cast_mek,down,382,5,182,OL
Lit_cub,down,382,5,182,OL
Cast_mek,up,365,5,182,CC
Lit_cub,up,365,5,182,CC
Cast_mek,down,365,5,182,CC
Lit_cub,down,365,5,182,CC
Cast_mek,up,259,5,182,OC
Lit_cub,up,259,5,182,OC
Cast_mek,down,259,5,182,OC
Lit_cub,down,259,5,182,OC
Cast_mek,up,240,5,182,CC
Lit_cub,up,240,5,182,CC
Cast_mek,down,240,5,182,CC
Lit_cub,down,240,5,182,CC
Cast_mek,up,90,5,182,OC
Lit_cub,up,90,5,182,OC
Cast_mek,down,90,5,182,OC
Lit_cub,down,90,5,182,OC
Cast_mek,up,75,5,182,CC
Lit_cub,up,75,5,182,CC
Cast_mek,down,75,5,182,CC
Lit_cub,down,75,5,182,CC
Cast_mek,up,357,5,182,OL
Lit_cub,up,357,5,182,OL
Cast_mek,down,357,5,182,OL
Lit_cub,down,357,5,182,OL
Cast_mek,up,83,5,182,OC
Lit_cub,up,83,5,182,OC
Cast_mek,down,83,5,182,OC
Lit_cub,down,83,5,182,OC
Cast_mek,up,119,5,182,OL
Lit_cub,up,119,5,182,OL
Cast_mek,down,119,5,182,OL
Lit_cub,down,119,5,182,OL
Cast_mek,up,404,5,182,CC
Lit_cub,up,404,5,182,CC
Cast_mek,down,404,5,182,CC
Lit_cub,down,404,5,182,CC
Cast_mek,up,58,5,182,OC
Lit_cub,up,58,5,182,OC
Cast_mek,down,58,5,182,OC
Lit_cub,down,58,5,182,OC
Cast_mek,up,192,5,182,CC
Lit_cub,up,192,5,182,CC
Cast_mek,down,192,5,182,CC
Lit_cub,down,192,5,182,CC
Cast_mek,up,372,5,182,OC
Lit_cub,up,372,5,182,OC
Cast_mek,down,372,5,182,OC
Lit_cub,down,372,5,182,OC
Cast_mek,up,398,5,182,CC
Lit_cub,up,398,5,182,CC
Cast_mek,down,398,5,182,CC
Lit_cub,down,398,5,182,CC
Cast_mek,up,234,5,182,OC
Lit_cub,up,234,5,182,OC
Cast_mek,down,234,5,182,OC
Lit_cub,down,234,5,182,OC
Cast_mek,up,214,5,182,CC
Lit_cub,up,214,5,182,CC
Cast_mek,down,214,5,182,CC
Lit_cub,down,214,5,182,CC
Cast_mek,up,405,5,182,OC
Lit_cub,up,405,5,182,OC
Cast_mek,down,405,5,182,OC
Lit_cub,down,405,5,182,OC
Cast_mek,up,207,5,182,OL
Lit_cub,up,207,5,182,OL
Cast_mek,down,207,5,182,OL
Lit_cub,down,207,5,182,OL
Cast_mek,up,189,5,182,CC
Lit_cub,up,189,5,182,CC
Cast_mek,down,189,5,182,CC
Lit_cub,down,189,5,182,CC
Cast_mek,up,49,5,182,OC
Lit_cub,up,49,5,182,OC
Cast_mek,down,49,5,182,OC
Lit_cub,down,49,5,182,OC
Cast_mek,up,107,5,182,CC
Lit_cub,up,107,5,182,CC
Cast_mek,down,107,5,182,CC
Lit_cub,down,107,5,182,CC
Cast_mek,up,271,5,182,OC
Lit_cub,up,271,5,182,OC
Cast_mek,down,271,5,182,OC
Lit_cub,down,271,5,182,OC
Cast_mek,up,7,5,182,OC
Lit_cub,up,7,5,182,OC
Cast_mek,down,7,5,182,OC
Lit_cub,down,7,5,182,OC
Cast_mek,up,145,1,182,OC
Lit_cub,up,145,1,182,OC
Cast_mek,down,145,1,182,OC
Lit_cub,down,145,1,182,OC
Cast_mek,up,217,1,182,CC
Lit_cub,up,217,1,182,CC
Cast_mek,down,217,1,182,CC
Lit_cub,down,217,1,182,CC
Cast_mek,up,126,1,182,OL
Lit_cub,up,126,1,182,OL
Cast_mek,down,126,1,182,OL
Lit_cub,down,126,1,182,OL
Cast_mek,up,381,1,182,OC
Lit_cub,up,381,1,182,OC
Cast_mek,down,381,1,182,OC
Lit_cub,down,381,1,182,OC
Cast_mek,up,382,1,182,OL
Lit_cub,up,382,1,182,OL
Cast_mek,down,382,1,182,OL
Lit_cub,down,382,1,182,OL
Cast_mek,up,365,1,182,CC
Lit_cub,up,365,1,182,CC
Cast_mek,down,365,1,182,CC
Lit_cub,down,365,1,182,CC
Cast_mek,up,259,1,182,OC
Lit_cub,up,259,1,182,OC
Cast_mek,down,259,1,182,OC
Lit_cub,down,259,1,182,OC
Cast_mek,up,240,1,182,CC
Lit_cub,up,240,1,182,CC
Cast_mek,down,240,1,182,CC
Lit_cub,down,240,1,182,CC
Cast_mek,up,90,1,182,OC
Lit_cub,up,90,1,182,OC
Cast_mek,down,90,1,182,OC
Lit_cub,down,90,1,182,OC
Cast_mek,up,75,1,182,CC
Lit_cub,up,75,1,182,CC
Cast_mek,down,75,1,182,CC
Lit_cub,down,75,1,182,CC
Cast_mek,up,357,1,182,OL
Lit_cub,up,357,1,182,OL
Cast_mek,down,357,1,182,OL
Lit_cub,down,357,1,182,OL
Cast_mek,up,83,1,182,OC
Lit_cub,up,83,1,182,OC
Cast_mek,down,83,1,182,OC
Lit_cub,down,83,1,182,OC
Cast_mek,up,119,1,182,OL
Lit_cub,up,119,1,182,OL
Cast_mek,down,119,1,182,OL
Lit_cub,down,119,1,182,OL
Cast_mek,up,404,1,182,CC
Lit_cub,up,404,1,182,CC
Cast_mek,down,404,1,182,CC
Lit_cub,down,404,1,182,CC
Cast_mek,up,58,1,182,OC
Lit_cub,up,58,1,182,OC
Cast_mek,down,58,1,182,OC
Lit_cub,down,58,1,182,OC
Cast_mek,up,192,1,182,CC
Lit_cub,up,192,1,182,CC
Cast_mek,down,192,1,182,CC
Lit_cub,down,192,1,182,CC
Cast_mek,up,372,1,182,OC
Lit_cub,up,372,1,182,OC
Cast_mek,down,372,1,182,OC
Lit_cub,down,372,1,182,OC
Cast_mek,up,398,1,182,CC
Lit_cub,up,398,1,182,CC
Cast_mek,down,398,1,182,CC
Lit_cub,down,398,1,182,CC
Cast_mek,up,234,1,182,OC
Lit_cub,up,234,1,182,OC
Cast_mek,down,234,1,182,OC
Lit_cub,down,234,1,182,OC
Cast_mek,up,214,1,182,CC
Lit_cub,up,214,1,182,CC
Cast_mek,down,214,1,182,CC
Lit_cub,down,214,1,182,CC
Cast_mek,up,405,1,182,OC
Lit_cub,up,405,1,182,OC
Cast_mek,down,405,1,182,OC
Lit_cub,down,405,1,182,OC
Cast_mek,up,207,1,182,OL
Lit_cub,up,207,1,182,OL
Cast_mek,down,207,1,182,OL
Lit_cub,down,207,1,182,OL
Cast_mek,up,189,1,182,CC
Lit_cub,up,189,1,182,CC
Cast_mek,down,189,1,182,CC
Lit_cub,down,189,1,182,CC
Cast_mek,up,49,1,182,OC
Lit_cub,up,49,1,182,OC
Cast_mek,down,49,1,182,OC
Lit_cub,down,49,1,182,OC
Cast_mek,up,107,1,182,CC
Lit_cub,up,107,1,182,CC
Cast_mek,down,107,1,182,CC
Lit_cub,down,107,1,182,CC
Cast_mek,up,271,1,182,OC
Lit_cub,up,271,1,182,OC
Cast_mek,down,271,1,182,OC
Lit_cub,down,271,1,182,OC
Cast_mek,up,7,1,182,OC
Lit_cub,up,7,1,182,OC
Cast_mek,down,7,1,182,OC
Lit_cub,down,7,1,182,OC
Cast_mek,up,145,9,365,OC
Lit_cub,up,145,9,365,OC
Cast_mek,down,145,9,365,OC
Lit_cub,down,145,9,365,OC
Cast_mek,up,217,9,365,CC
Lit_cub,up,217,9,365,CC
Cast_mek,down,217,9,365,CC
Lit_cub,down,217,9,365,CC
Cast_mek,up,126,9,365,OL
Lit_cub,up,126,9,365,OL
Cast_mek,down,126,9,365,OL
Lit_cub,down,126,9,365,OL
Cast_mek,up,381,9,365,OC
Lit_cub,up,381,9,365,OC
Cast_mek,down,381,9,365,OC
Lit_cub,down,381,9,365,OC
Cast_mek,up,382,9,365,OL
Lit_cub,up,382,9,365,OL
Cast_mek,down,382,9,365,OL
Lit_cub,down,382,9,365,OL
Cast_mek,up,365,9,365,CC
Lit_cub,up,365,9,365,CC
Cast_mek,down,365,9,365,CC
Lit_cub,down,365,9,365,CC
Cast_mek,up,259,9,365,OC
Lit_cub,up,259,9,365,OC
Cast_mek,down,259,9,365,OC
Lit_cub,down,259,9,365,OC
Cast_mek,up,240,9,365,CC
Lit_cub,up,240,9,365,CC
Cast_mek,down,240,9,365,CC
Lit_cub,down,240,9,365,CC
Cast_mek,up,90,9,365,OC
Lit_cub,up,90,9,365,OC
Cast_mek,down,90,9,365,OC
Lit_cub,down,90,9,365,OC
Cast_mek,up,75,9,365,CC
Lit_cub,up,75,9,365,CC
Cast_mek,down,75,9,365,CC
Lit_cub,down,75,9,365,CC
Cast_mek,up,357,9,365,OL
Lit_cub,up,357,9,365,OL
Cast_mek,down,357,9,365,OL
Lit_cub,down,357,9,365,OL
Cast_mek,up,83,9,365,OC
Lit_cub,up,83,9,365,OC
Cast_mek,down,83,9,365,OC
Lit_cub,down,83,9,365,OC
Cast_mek,up,119,9,365,OL
Lit_cub,up,119,9,365,OL
Cast_mek,down,119,9,365,OL
Lit_cub,down,119,9,365,OL
Cast_mek,up,404,9,365,CC
Lit_cub,up,404,9,365,CC
Cast_mek,down,404,9,365,CC
Lit_cub,down,404,9,365,CC
Cast_mek,up,58,9,365,OC
Lit_cub,up,58,9,365,OC
Cast_mek,down,58,9,365,OC
Lit_cub,down,58,9,365,OC
Cast_mek,up,192,9,365,CC
Lit_cub,up,192,9,365,CC
Cast_mek,down,192,9,365,CC
Lit_cub,down,192,9,365,CC
Cast_mek,up,372,9,365,OC
Lit_cub,up,372,9,365,OC
Cast_mek,down,372,9,365,OC
Lit_cub,down,372,9,365,OC
Cast_mek,up,398,9,365,CC
Lit_cub,up,398,9,365,CC
Cast_mek,down,398,9,365,CC
Lit_cub,down,398,9,365,CC
Cast_mek,up,234,9,365,OC
Lit_cub,up,234,9,365,OC
Cast_mek,down,234,9,365,OC
Lit_cub,down,234,9,365,OC
Cast_mek,up,214,9,365,CC
Lit_cub,up,214,9,365,CC
Cast_mek,down,214,9,365,CC
Lit_cub,down,214,9,365,CC
Cast_mek,up,405,9,365,OC
Lit_cub,up,405,9,365,OC
Cast_mek,down,405,9,365,OC
Lit_cub,down,405,9,365,OC
Cast_mek,up,207,9,365,OL
Lit_cub,up,207,9,365,OL
Cast_mek,down,207,9,365,OL
Lit_cub,down,207,9,365,OL
Cast_mek,up,189,9,365,CC
Lit_cub,up,189,9,365,CC
Cast_mek,down,189,9,365,CC
Lit_cub,down,189,9,365,CC
Cast_mek,up,49,9,365,OC
Lit_cub,up,49,9,365,OC
Cast_mek,down,49,9,365,OC
Lit_cub,down,49,9,365,OC
Cast_mek,up,107,9,365,CC
Lit_cub,up,107,9,365,CC
Cast_mek,down,107,9,365,CC
Lit_cub,down,107,9,365,CC
Cast_mek,up,271,9,365,OC
Lit_cub,up,271,9,365,OC
Cast_mek,down,271,9,365,OC
Lit_cub,down,271,9,365,OC
Cast_mek,up,7,9,365,OC
Lit_cub,up,7,9,365,OC
Cast_mek,down,7,9,365,OC
Lit_cub,down,7,9,365,OC
Cast_mek,up,145,3,365,OC
Lit_cub,up,145,3,365,OC
Cast_mek,down,145,3,365,OC
Lit_cub,down,145,3,365,OC
Cast_mek,up,217,3,365,CC
Lit_cub,up,217,3,365,CC
Cast_mek,down,217,3,365,CC
Lit_cub,down,217,3,365,CC
Cast_mek,up,126,3,365,OL
Lit_cub,up,126,3,365,OL
Cast_mek,down,126,3,365,OL
Lit_cub,down,126,3,365,OL
Cast_mek,up,381,3,365,OC
Lit_cub,up,381,3,365,OC
Cast_mek,down,381,3,365,OC
Lit_cub,down,381,3,365,OC
Cast_mek,up,382,3,365,OL
Lit_cub,up,382,3,365,OL
Cast_mek,down,382,3,365,OL
Lit_cub,down,382,3,365,OL
Cast_mek,up,365,3,365,CC
Lit_cub,up,365,3,365,CC
Cast_mek,down,365,3,365,CC
Lit_cub,down,365,3,365,CC
Cast_mek,up,259,3,365,OC
Lit_cub,up,259,3,365,OC
Cast_mek,down,259,3,365,OC
Lit_cub,down,259,3,365,OC
Cast_mek,up,240,3,365,CC
Lit_cub,up,240,3,365,CC
Cast_mek,down,240,3,365,CC
Lit_cub,down,240,3,365,CC
Cast_mek,up,90,3,365,OC
Lit_cub,up,90,3,365,OC
Cast_mek,down,90,3,365,OC
Lit_cub,down,90,3,365,OC
Cast_mek,up,75,3,365,CC
Lit_cub,up,75,3,365,CC
Cast_mek,down,75,3,365,CC
Lit_cub,down,75,3,365,CC
Cast_mek,up,357,3,365,OL
Lit_cub,up,357,3,365,OL
Cast_mek,down,357,3,365,OL
Lit_cub,down,357,3,365,OL
Cast_mek,up,83,3,365,OC
Lit_cub,up,83,3,365,OC
Cast_mek,down,83,3,365,OC
Lit_cub,down,83,3,365,OC
Cast_mek,up,119,3,365,OL
Lit_cub,up,119,3,365,OL
Cast_mek,down,119,3,365,OL
Lit_cub,down,119,3,365,OL
Cast_mek,up,404,3,365,CC
Lit_cub,up,404,3,365,CC
Cast_mek,down,404,3,365,CC
Lit_cub,down,404,3,365,CC
Cast_mek,up,58,3,365,OC
Lit_cub,up,58,3,365,OC
Cast_mek,down,58,3,365,OC
Lit_cub,down,58,3,365,OC
Cast_mek,up,192,3,365,CC
Lit_cub,up,192,3,365,CC
Cast_mek,down,192,3,365,CC
Lit_cub,down,192,3,365,CC
Cast_mek,up,372,3,365,OC
Lit_cub,up,372,3,365,OC
Cast_mek,down,372,3,365,OC
Lit_cub,down,372,3,365,OC
Cast_mek,up,398,3,365,CC
Lit_cub,up,398,3,365,CC
Cast_mek,down,398,3,365,CC
Lit_cub,down,398,3,365,CC
Cast_mek,up,234,3,365,OC
Lit_cub,up,234,3,365,OC
Cast_mek,down,234,3,365,OC
Lit_cub,down,234,3,365,OC
Cast_mek,up,214,3,365,CC
Lit_cub,up,214,3,365,CC
Cast_mek,down,214,3,365,CC
Lit_cub,down,214,3,365,CC
Cast_mek,up,405,3,365,OC
Lit_cub,up,405,3,365,OC
Cast_mek,down,405,3,365,OC
Lit_cub,down,405,3,365,OC
Cast_mek,up,207,3,365,OL
Lit_cub,up,207,3,365,OL
Cast_mek,down,207,3,365,OL
Lit_cub,down,207,3,365,OL
Cast_mek,up,189,3,365,CC
Lit_cub,up,189,3,365,CC
Cast_mek,down,189,3,365,CC
Lit_cub,down,189,3,365,CC
Cast_mek,up,49,3,365,OC
Lit_cub,up,49,3,365,OC
Cast_mek,down,49,3,365,OC
Lit_cub,down,49,3,365,OC
Cast_mek,up,107,3,365,CC
Lit_cub,up,107,3,365,CC
Cast_mek,down,107,3,365,CC
Lit_cub,down,107,3,365,CC
Cast_mek,up,271,3,365,OC
Lit_cub,up,271,3,365,OC
Cast_mek,down,271,3,365,OC
Lit_cub,down,271,3,365,OC
Cast_mek,up,7,3,365,OC
Lit_cub,up,7,3,365,OC
Cast_mek,down,7,3,365,OC
Lit_cub,down,7,3,365,OC
Cast_mek,up,145,7,365,OC
Lit_cub,up,145,7,365,OC
Cast_mek,down,145,7,365,OC
Lit_cub,down,145,7,365,OC
Cast_mek,up,217,7,365,CC
Lit_cub,up,217,7,365,CC
Cast_mek,down,217,7,365,CC
Lit_cub,down,217,7,365,CC
Cast_mek,up,126,7,365,OL
Lit_cub,up,126,7,365,OL
Cast_mek,down,126,7,365,OL
Lit_cub,down,126,7,365,OL
Cast_mek,up,381,7,365,OC
Lit_cub,up,381,7,365,OC
Cast_mek,down,381,7,365,OC
Lit_cub,down,381,7,365,OC
Cast_mek,up,382,7,365,OL
Lit_cub,up,382,7,365,OL
Cast_mek,down,382,7,365,OL
Lit_cub,down,382,7,365,OL
Cast_mek,up,365,7,365,CC
Lit_cub,up,365,7,365,CC
Cast_mek,down,365,7,365,CC
Lit_cub,down,365,7,365,CC
Cast_mek,up,259,7,365,OC
Lit_cub,up,259,7,365,OC
Cast_mek,down,259,7,365,OC
Lit_cub,down,259,7,365,OC
Cast_mek,up,240,7,365,CC
Lit_cub,up,240,7,365,CC
Cast_mek,down,240,7,365,CC
Lit_cub,down,240,7,365,CC
Cast_mek,up,90,7,365,OC
Lit_cub,up,90,7,365,OC
Cast_mek,down,90,7,365,OC
Lit_cub,down,90,7,365,OC
Cast_mek,up,75,7,365,CC
Lit_cub,up,75,7,365,CC
Cast_mek,down,75,7,365,CC
Lit_cub,down,75,7,365,CC
Cast_mek,up,357,7,365,OL
Lit_cub,up,357,7,365,OL
Cast_mek,down,357,7,365,OL
Lit_cub,down,357,7,365,OL
Cast_mek,up,83,7,365,OC
Lit_cub,up,83,7,365,OC
Cast_mek,down,83,7,365,OC
Lit_cub,down,83,7,365,OC
Cast_mek,up,119,7,365,OL
Lit_cub,up,119,7,365,OL
Cast_mek,down,119,7,365,OL
Lit_cub,down,119,7,365,OL
Cast_mek,up,404,7,365,CC
Lit_cub,up,404,7,365,CC
Cast_mek,down,404,7,365,CC
Lit_cub,down,404,7,365,CC
Cast_mek,up,58,7,365,OC
Lit_cub,up,58,7,365,OC
Cast_mek,down,58,7,365,OC
Lit_cub,down,58,7,365,OC
Cast_mek,up,192,7,365,CC
Lit_cub,up,192,7,365,CC
Cast_mek,down,192,7,365,CC
Lit_cub,down,192,7,365,CC
Cast_mek,up,372,7,365,OC
Lit_cub,up,372,7,365,OC
Cast_mek,down,372,7,365,OC
Lit_cub,down,372,7,365,OC
Cast_mek,up,398,7,365,CC
Lit_cub,up,398,7,365,CC
Cast_mek,down,398,7,365,CC
Lit_cub,down,398,7,365,CC
Cast_mek,up,234,7,365,OC
Lit_cub,up,234,7,365,OC
Cast_mek,down,234,7,365,OC
Lit_cub,down,234,7,365,OC
Cast_mek,up,214,7,365,CC
Lit_cub,up,214,7,365,CC
Cast_mek,down,214,7,365,CC
Lit_cub,down,214,7,365,CC
Cast_mek,up,405,7,365,OC
Lit_cub,up,405,7,365,OC
Cast_mek,down,405,7,365,OC
Lit_cub,down,405,7,365,OC
Cast_mek,up,207,7,365,OL
Lit_cub,up,207,7,365,OL
Cast_mek,down,207,7,365,OL
Lit_cub,down,207,7,365,OL
Cast_mek,up,189,7,365,CC
Lit_cub,up,189,7,365,CC
Cast_mek,down,189,7,365,CC
Lit_cub,down,189,7,365,CC
Cast_mek,up,49,7,365,OC
Lit_cub,up,49,7,365,OC
Cast_mek,down,49,7,365,OC
Lit_cub,down,49,7,365,OC
Cast_mek,up,107,7,365,CC
Lit_cub,up,107,7,365,CC
Cast_mek,down,107,7,365,CC
Lit_cub,down,107,7,365,CC
Cast_mek,up,271,7,365,OC
Lit_cub,up,271,7,365,OC
Cast_mek,down,271,7,365,OC
Lit_cub,down,271,7,365,OC
Cast_mek,up,7,7,365,OC
Lit_cub,up,7,7,365,OC
Cast_mek,down,7,7,365,OC
Lit_cub,down,7,7,365,OC
Cast_mek,up,145,5,365,OC
Lit_cub,up,145,5,365,OC
Cast_mek,down,145,5,365,OC
Lit_cub,down,145,5,365,OC
Cast_mek,up,217,5,365,CC
Lit_cub,up,217,5,365,CC
Cast_mek,down,217,5,365,CC
Lit_cub,down,217,5,365,CC
Cast_mek,up,126,5,365,OL
Lit_cub,up,126,5,365,OL
Cast_mek,down,126,5,365,OL
Lit_cub,down,126,5,365,OL
Cast_mek,up,381,5,365,OC
Lit_cub,up,381,5,365,OC
Cast_mek,down,381,5,365,OC
Lit_cub,down,381,5,365,OC
Cast_mek,up,382,5,365,OL
Lit_cub,up,382,5,365,OL
Cast_mek,down,382,5,365,OL
Lit_cub,down,382,5,365,OL
Cast_mek,up,365,5,365,CC
Lit_cub,up,365,5,365,CC
Cast_mek,down,365,5,365,CC
Lit_cub,down,365,5,365,CC
Cast_mek,up,259,5,365,OC
Lit_cub,up,259,5,365,OC
Cast_mek,down,259,5,365,OC
Lit_cub,down,259,5,365,OC
Cast_mek,up,240,5,365,CC
Lit_cub,up,240,5,365,CC
Cast_mek,down,240,5,365,CC
Lit_cub,down,240,5,365,CC
Cast_mek,up,90,5,365,OC
Lit_cub,up,90,5,365,OC
Cast_mek,down,90,5,365,OC
Lit_cub,down,90,5,365,OC
Cast_mek,up,75,5,365,CC
Lit_cub,up,75,5,365,CC
Cast_mek,down,75,5,365,CC
Lit_cub,down,75,5,365,CC
Cast_mek,up,357,5,365,OL
Lit_cub,up,357,5,365,OL
Cast_mek,down,357,5,365,OL
Lit_cub,down,357,5,365,OL
Cast_mek,up,83,5,365,OC
Lit_cub,up,83,5,365,OC
Cast_mek,down,83,5,365,OC
Lit_cub,down,83,5,365,OC
Cast_mek,up,119,5,365,OL
Lit_cub,up,119,5,365,OL
Cast_mek,down,119,5,365,OL
Lit_cub,down,119,5,365,OL
Cast_mek,up,404,5,365,CC
Lit_cub,up,404,5,365,CC
Cast_mek,down,404,5,365,CC
Lit_cub,down,404,5,365,CC
Cast_mek,up,58,5,365,OC
Lit_cub,up,58,5,365,OC
Cast_mek,down,58,5,365,OC
Lit_cub,down,58,5,365,OC
Cast_mek,up,192,5,365,CC
Lit_cub,up,192,5,365,CC
Cast_mek,down,192,5,365,CC
Lit_cub,down,192,5,365,CC
Cast_mek,up,372,5,365,OC
Lit_cub,up,372,5,365,OC
Cast_mek,down,372,5,365,OC
Lit_cub,down,372,5,365,OC
Cast_mek,up,398,5,365,CC
Lit_cub,up,398,5,365,CC
Cast_mek,down,398,5,365,CC
Lit_cub,down,398,5,365,CC
Cast_mek,up,234,5,365,OC
Lit_cub,up,234,5,365,OC
Cast_mek,down,234,5,365,OC
Lit_cub,down,234,5,365,OC
Cast_mek,up,214,5,365,CC
Lit_cub,up,214,5,365,CC
Cast_mek,down,214,5,365,CC
Lit_cub,down,214,5,365,CC
Cast_mek,up,405,5,365,OC
Lit_cub,up,405,5,365,OC
Cast_mek,down,405,5,365,OC
Lit_cub,down,405,5,365,OC
Cast_mek,up,207,5,365,OL
Lit_cub,up,207,5,365,OL
Cast_mek,down,207,5,365,OL
Lit_cub,down,207,5,365,OL
Cast_mek,up,189,5,365,CC
Lit_cub,up,189,5,365,CC
Cast_mek,down,189,5,365,CC
Lit_cub,down,189,5,365,CC
Cast_mek,up,49,5,365,OC
Lit_cub,up,49,5,365,OC
Cast_mek,down,49,5,365,OC
Lit_cub,down,49,5,365,OC
Cast_mek,up,107,5,365,CC
Lit_cub,up,107,5,365,CC
Cast_mek,down,107,5,365,CC
Lit_cub,down,107,5,365,CC
Cast_mek,up,271,5,365,OC
Lit_cub,up,271,5,365,OC
Cast_mek,down,271,5,365,OC
Lit_cub,down,271,5,365,OC
Cast_mek,up,7,5,365,OC
Lit_cub,up,7,5,365,OC
Cast_mek,down,7,5,365,OC
Lit_cub,down,7,5,365,OC
Cast_mek,up,145,1,365,OC
Lit_cub,up,145,1,365,OC
Cast_mek,down,145,1,365,OC
Lit_cub,down,145,1,365,OC
Cast_mek,up,217,1,365,CC
Lit_cub,up,217,1,365,CC
Cast_mek,down,217,1,365,CC
Lit_cub,down,217,1,365,CC
Cast_mek,up,126,1,365,OL
Lit_cub,up,126,1,365,OL
Cast_mek,down,126,1,365,OL
Lit_cub,down,126,1,365,OL
Cast_mek,up,381,1,365,OC
Lit_cub,up,381,1,365,OC
Cast_mek,down,381,1,365,OC
Lit_cub,down,381,1,365,OC
Cast_mek,up,382,1,365,OL
Lit_cub,up,382,1,365,OL
Cast_mek,down,382,1,365,OL
Lit_cub,down,382,1,365,OL
Cast_mek,up,365,1,365,CC
Lit_cub,up,365,1,365,CC
Cast_mek,down,365,1,365,CC
Lit_cub,down,365,1,365,CC
Cast_mek,up,259,1,365,OC
Lit_cub,up,259,1,365,OC
Cast_mek,down,259,1,365,OC
Lit_cub,down,259,1,365,OC
Cast_mek,up,240,1,365,CC
Lit_cub,up,240,1,365,CC
Cast_mek,down,240,1,365,CC
Lit_cub,down,240,1,365,CC
Cast_mek,up,90,1,365,OC
Lit_cub,up,90,1,365,OC
Cast_mek,down,90,1,365,OC
Lit_cub,down,90,1,365,OC
Cast_mek,up,75,1,365,CC
Lit_cub,up,75,1,365,CC
Cast_mek,down,75,1,365,CC
Lit_cub,down,75,1,365,CC
Cast_mek,up,357,1,365,OL
Lit_cub,up,357,1,365,OL
Cast_mek,down,357,1,365,OL
Lit_cub,down,357,1,365,OL
Cast_mek,up,83,1,365,OC
Lit_cub,up,83,1,365,OC
Cast_mek,down,83,1,365,OC
Lit_cub,down,83,1,365,OC
Cast_mek,up,119,1,365,OL
Lit_cub,up,119,1,365,OL
Cast_mek,down,119,1,365,OL
Lit_cub,down,119,1,365,OL
Cast_mek,up,404,1,365,CC
Lit_cub,up,404,1,365,CC
Cast_mek,down,404,1,365,CC
Lit_cub,down,404,1,365,CC
Cast_mek,up,58,1,365,OC
Lit_cub,up,58,1,365,OC
Cast_mek,down,58,1,365,OC
Lit_cub,down,58,1,365,OC
Cast_mek,up,192,1,365,CC
Lit_cub,up,192,1,365,CC
Cast_mek,down,192,1,365,CC
Lit_cub,down,192,1,365,CC
Cast_mek,up,372,1,365,OC
Lit_cub,up,372,1,365,OC
Cast_mek,down,372,1,365,OC
Lit_cub,down,372,1,365,OC
Cast_mek,up,398,1,365,CC
Lit_cub,up,398,1,365,CC
Cast_mek,down,398,1,365,CC
Lit_cub,down,398,1,365,CC
Cast_mek,up,234,1,365,OC
Lit_cub,up,234,1,365,OC
Cast_mek,down,234,1,365,OC
Lit_cub,down,234,1,365,OC
Cast_mek,up,214,1,365,CC
Lit_cub,up,214,1,365,CC
Cast_mek,down,214,1,365,CC
Lit_cub,down,214,1,365,CC
Cast_mek,up,405,1,365,OC
Lit_cub,up,405,1,365,OC
Cast_mek,down,405,1,365,OC
Lit_cub,down,405,1,365,OC
Cast_mek,up,207,1,365,OL
Lit_cub,up,207,1,365,OL
Cast_mek,down,207,1,365,OL
Lit_cub,down,207,1,365,OL
Cast_mek,up,189,1,365,CC
Lit_cub,up,189,1,365,CC
Cast_mek,down,189,1,365,CC
Lit_cub,down,189,1,365,CC
Cast_mek,up,49,1,365,OC
Lit_cub,up,49,1,365,OC
Cast_mek,down,49,1,365,OC
Lit_cub,down,49,1,365,OC
Cast_mek,up,107,1,365,CC
Lit_cub,up,107,1,365,CC
Cast_mek,down,107,1,365,CC
Lit_cub,down,107,1,365,CC
Cast_mek,up,271,1,365,OC
Lit_cub,up,271,1,365,OC
Cast_mek,down,271,1,365,OC
Lit_cub,down,271,1,365,OC
Cast_mek,up,7,1,365,OC
Lit_cub,up,7,1,365,OC
Cast_mek,down,7,1,365,OC
Lit_cub,down,7,1,365,OC
Cast_mek,up,145,9,548,OC
Lit_cub,up,145,9,548,OC
Cast_mek,down,145,9,548,OC
Lit_cub,down,145,9,548,OC
Cast_mek,up,217,9,548,CC
Lit_cub,up,217,9,548,CC
Cast_mek,down,217,9,548,CC
Lit_cub,down,217,9,548,CC
Cast_mek,up,126,9,548,OL
Lit_cub,up,126,9,548,OL
Cast_mek,down,126,9,548,OL
Lit_cub,down,126,9,548,OL
Cast_mek,up,381,9,548,OC
Lit_cub,up,381,9,548,OC
Cast_mek,down,381,9,548,OC
Lit_cub,down,381,9,548,OC
Cast_mek,up,382,9,548,OL
Lit_cub,up,382,9,548,OL
Cast_mek,down,382,9,548,OL
Lit_cub,down,382,9,548,OL
Cast_mek,up,365,9,548,CC
Lit_cub,up,365,9,548,CC
Cast_mek,down,365,9,548,CC
Lit_cub,down,365,9,548,CC
Cast_mek,up,259,9,548,OC
Lit_cub,up,259,9,548,OC
Cast_mek,down,259,9,548,OC
Lit_cub,down,259,9,548,OC
Cast_mek,up,240,9,548,CC
Lit_cub,up,240,9,548,CC
Cast_mek,down,240,9,548,CC
Lit_cub,down,240,9,548,CC
Cast_mek,up,90,9,548,OC
Lit_cub,up,90,9,548,OC
Cast_mek,down,90,9,548,OC
Lit_cub,down,90,9,548,OC
Cast_mek,up,75,9,548,CC
Lit_cub,up,75,9,548,CC
Cast_mek,down,75,9,548,CC
Lit_cub,down,75,9,548,CC
Cast_mek,up,357,9,548,OL
Lit_cub,up,357,9,548,OL
Cast_mek,down,357,9,548,OL
Lit_cub,down,357,9,548,OL
Cast_mek,up,83,9,548,OC
Lit_cub,up,83,9,548,OC
Cast_mek,down,83,9,548,OC
Lit_cub,down,83,9,548,OC
Cast_mek,up,119,9,548,OL
Lit_cub,up,119,9,548,OL
Cast_mek,down,119,9,548,OL
Lit_cub,down,119,9,548,OL
Cast_mek,up,404,9,548,CC
Lit_cub,up,404,9,548,CC
Cast_mek,down,404,9,548,CC
Lit_cub,down,404,9,548,CC
Cast_mek,up,58,9,548,OC
Lit_cub,up,58,9,548,OC
Cast_mek,down,58,9,548,OC
Lit_cub,down,58,9,548,OC
Cast_mek,up,192,9,548,CC
Lit_cub,up,192,9,548,CC
Cast_mek,down,192,9,548,CC
Lit_cub,down,192,9,548,CC
Cast_mek,up,372,9,548,OC
Lit_cub,up,372,9,548,OC
Cast_mek,down,372,9,548,OC
Lit_cub,down,372,9,548,OC
Cast_mek,up,398,9,548,CC
Lit_cub,up,398,9,548,CC
Cast_mek,down,398,9,548,CC
Lit_cub,down,398,9,548,CC
Cast_mek,up,234,9,548,OC
Lit_cub,up,234,9,548,OC
Cast_mek,down,234,9,548,OC
Lit_cub,down,234,9,548,OC
Cast_mek,up,214,9,548,CC
Lit_cub,up,214,9,548,CC
Cast_mek,down,214,9,548,CC
Lit_cub,down,214,9,548,CC
Cast_mek,up,405,9,548,OC
Lit_cub,up,405,9,548,OC
Cast_mek,down,405,9,548,OC
Lit_cub,down,405,9,548,OC
Cast_mek,up,207,9,548,OL
Lit_cub,up,207,9,548,OL
Cast_mek,down,207,9,548,OL
Lit_cub,down,207,9,548,OL
Cast_mek,up,189,9,548,CC
Lit_cub,up,189,9,548,CC
Cast_mek,down,189,9,548,CC
Lit_cub,down,189,9,548,CC
Cast_mek,up,49,9,548,OC
Lit_cub,up,49,9,548,OC
Cast_mek,down,49,9,548,OC
Lit_cub,down,49,9,548,OC
Cast_mek,up,107,9,548,CC
Lit_cub,up,107,9,548,CC
Cast_mek,down,107,9,548,CC
Lit_cub,down,107,9,548,CC
Cast_mek,up,271,9,548,OC
Lit_cub,up,271,9,548,OC
Cast_mek,down,271,9,548,OC
Lit_cub,down,271,9,548,OC
Cast_mek,up,7,9,548,OC
Lit_cub,up,7,9,548,OC
Cast_mek,down,7,9,548,OC
Lit_cub,down,7,9,548,OC
Cast_mek,up,145,3,548,OC
Lit_cub,up,145,3,548,OC
Cast_mek,down,145,3,548,OC
Lit_cub,down,145,3,548,OC
Cast_mek,up,217,3,548,CC
Lit_cub,up,217,3,548,CC
Cast_mek,down,217,3,548,CC
Lit_cub,down,217,3,548,CC
Cast_mek,up,126,3,548,OL
Lit_cub,up,126,3,548,OL
Cast_mek,down,126,3,548,OL
Lit_cub,down,126,3,548,OL
Cast_mek,up,381,3,548,OC
Lit_cub,up,381,3,548,OC
Cast_mek,down,381,3,548,OC
Lit_cub,down,381,3,548,OC
Cast_mek,up,382,3,548,OL
Lit_cub,up,382,3,548,OL
Cast_mek,down,382,3,548,OL
Lit_cub,down,382,3,548,OL
Cast_mek,up,365,3,548,CC
Lit_cub,up,365,3,548,CC
Cast_mek,down,365,3,548,CC
Lit_cub,down,365,3,548,CC
Cast_mek,up,259,3,548,OC
Lit_cub,up,259,3,548,OC
Cast_mek,down,259,3,548,OC
Lit_cub,down,259,3,548,OC
Cast_mek,up,240,3,548,CC
Lit_cub,up,240,3,548,CC
Cast_mek,down,240,3,548,CC
Lit_cub,down,240,3,548,CC
Cast_mek,up,90,3,548,OC
Lit_cub,up,90,3,548,OC
Cast_mek,down,90,3,548,OC
Lit_cub,down,90,3,548,OC
Cast_mek,up,75,3,548,CC
Lit_cub,up,75,3,548,CC
Cast_mek,down,75,3,548,CC
Lit_cub,down,75,3,548,CC
Cast_mek,up,357,3,548,OL
Lit_cub,up,357,3,548,OL
Cast_mek,down,357,3,548,OL
Lit_cub,down,357,3,548,OL
Cast_mek,up,83,3,548,OC
Lit_cub,up,83,3,548,OC
Cast_mek,down,83,3,548,OC
Lit_cub,down,83,3,548,OC
Cast_mek,up,119,3,548,OL
Lit_cub,up,119,3,548,OL
Cast_mek,down,119,3,548,OL
Lit_cub,down,119,3,548,OL
Cast_mek,up,404,3,548,CC
Lit_cub,up,404,3,548,CC
Cast_mek,down,404,3,548,CC
Lit_cub,down,404,3,548,CC
Cast_mek,up,58,3,548,OC
Lit_cub,up,58,3,548,OC
Cast_mek,down,58,3,548,OC
Lit_cub,down,58,3,548,OC
Cast_mek,up,192,3,548,CC
Lit_cub,up,192,3,548,CC
Cast_mek,down,192,3,548,CC
Lit_cub,down,192,3,548,CC
Cast_mek,up,372,3,548,OC
Lit_cub,up,372,3,548,OC
Cast_mek,down,372,3,548,OC
Lit_cub,down,372,3,548,OC
Cast_mek,up,398,3,548,CC
Lit_cub,up,398,3,548,CC
Cast_mek,down,398,3,548,CC
Lit_cub,down,398,3,548,CC
Cast_mek,up,234,3,548,OC
Lit_cub,up,234,3,548,OC
Cast_mek,down,234,3,548,OC
Lit_cub,down,234,3,548,OC
Cast_mek,up,214,3,548,CC
Lit_cub,up,214,3,548,CC
Cast_mek,down,214,3,548,CC
Lit_cub,down,214,3,548,CC
Cast_mek,up,405,3,548,OC
Lit_cub,up,405,3,548,OC
Cast_mek,down,405,3,548,OC
Lit_cub,down,405,3,548,OC
Cast_mek,up,207,3,548,OL
Lit_cub,up,207,3,548,OL
Cast_mek,down,207,3,548,OL
Lit_cub,down,207,3,548,OL
Cast_mek,up,189,3,548,CC
Lit_cub,up,189,3,548,CC
Cast_mek,down,189,3,548,CC
Lit_cub,down,189,3,548,CC
Cast_mek,up,49,3,548,OC
Lit_cub,up,49,3,548,OC
Cast_mek,down,49,3,548,OC
Lit_cub,down,49,3,548,OC
Cast_mek,up,107,3,548,CC
Lit_cub,up,107,3,548,CC
Cast_mek,down,107,3,548,CC
Lit_cub,down,107,3,548,CC
Cast_mek,up,271,3,548,OC
Lit_cub,up,271,3,548,OC
Cast_mek,down,271,3,548,OC
Lit_cub,down,271,3,548,OC
Cast_mek,up,7,3,548,OC
Lit_cub,up,7,3,548,OC
Cast_mek,down,7,3,548,OC
Lit_cub,down,7,3,548,OC
Cast_mek,up,145,7,548,OC
Lit_cub,up,145,7,548,OC
Cast_mek,down,145,7,548,OC
Lit_cub,down,145,7,548,OC
Cast_mek,up,217,7,548,CC
Lit_cub,up,217,7,548,CC
Cast_mek,down,217,7,548,CC
Lit_cub,down,217,7,548,CC
Cast_mek,up,126,7,548,OL
Lit_cub,up,126,7,548,OL
Cast_mek,down,126,7,548,OL
Lit_cub,down,126,7,548,OL
Cast_mek,up,381,7,548,OC
Lit_cub,up,381,7,548,OC
Cast_mek,down,381,7,548,OC
Lit_cub,down,381,7,548,OC
Cast_mek,up,382,7,548,OL
Lit_cub,up,382,7,548,OL
Cast_mek,down,382,7,548,OL
Lit_cub,down,382,7,548,OL
Cast_mek,up,365,7,548,CC
Lit_cub,up,365,7,548,CC
Cast_mek,down,365,7,548,CC
Lit_cub,down,365,7,548,CC
Cast_mek,up,259,7,548,OC
Lit_cub,up,259,7,548,OC
Cast_mek,down,259,7,548,OC
Lit_cub,down,259,7,548,OC
Cast_mek,up,240,7,548,CC
Lit_cub,up,240,7,548,CC
Cast_mek,down,240,7,548,CC
Lit_cub,down,240,7,548,CC
Cast_mek,up,90,7,548,OC
Lit_cub,up,90,7,548,OC
Cast_mek,down,90,7,548,OC
Lit_cub,down,90,7,548,OC
Cast_mek,up,75,7,548,CC
Lit_cub,up,75,7,548,CC
Cast_mek,down,75,7,548,CC
Lit_cub,down,75,7,548,CC
Cast_mek,up,357,7,548,OL
Lit_cub,up,357,7,548,OL
Cast_mek,down,357,7,548,OL
Lit_cub,down,357,7,548,OL
Cast_mek,up,83,7,548,OC
Lit_cub,up,83,7,548,OC
Cast_mek,down,83,7,548,OC
Lit_cub,down,83,7,548,OC
Cast_mek,up,119,7,548,OL
Lit_cub,up,119,7,548,OL
Cast_mek,down,119,7,548,OL
Lit_cub,down,119,7,548,OL
Cast_mek,up,404,7,548,CC
Lit_cub,up,404,7,548,CC
Cast_mek,down,404,7,548,CC
Lit_cub,down,404,7,548,CC
Cast_mek,up,58,7,548,OC
Lit_cub,up,58,7,548,OC
Cast_mek,down,58,7,548,OC
Lit_cub,down,58,7,548,OC
Cast_mek,up,192,7,548,CC
Lit_cub,up,192,7,548,CC
Cast_mek,down,192,7,548,CC
Lit_cub,down,192,7,548,CC
Cast_mek,up,372,7,548,OC
Lit_cub,up,372,7,548,OC
Cast_mek,down,372,7,548,OC
Lit_cub,down,372,7,548,OC
Cast_mek,up,398,7,548,CC
Lit_cub,up,398,7,548,CC
Cast_mek,down,398,7,548,CC
Lit_cub,down,398,7,548,CC
Cast_mek,up,234,7,548,OC
Lit_cub,up,234,7,548,OC
Cast_mek,down,234,7,548,OC
Lit_cub,down,234,7,548,OC
Cast_mek,up,214,7,548,CC
Lit_cub,up,214,7,548,CC
Cast_mek,down,214,7,548,CC
Lit_cub,down,214,7,548,CC
Cast_mek,up,405,7,548,OC
Lit_cub,up,405,7,548,OC
Cast_mek,down,405,7,548,OC
Lit_cub,down,405,7,548,OC
Cast_mek,up,207,7,548,OL
Lit_cub,up,207,7,548,OL
Cast_mek,down,207,7,548,OL
Lit_cub,down,207,7,548,OL
Cast_mek,up,189,7,548,CC
Lit_cub,up,189,7,548,CC
Cast_mek,down,189,7,548,CC
Lit_cub,down,189,7,548,CC
Cast_mek,up,49,7,548,OC
Lit_cub,up,49,7,548,OC
Cast_mek,down,49,7,548,OC
Lit_cub,down,49,7,548,OC
Cast_mek,up,107,7,548,CC
Lit_cub,up,107,7,548,CC
Cast_mek,down,107,7,548,CC
Lit_cub,down,107,7,548,CC
Cast_mek,up,271,7,548,OC
Lit_cub,up,271,7,548,OC
Cast_mek,down,271,7,548,OC
Lit_cub,down,271,7,548,OC
Cast_mek,up,7,7,548,OC
Lit_cub,up,7,7,548,OC
Cast_mek,down,7,7,548,OC
Lit_cub,down,7,7,548,OC
Cast_mek,up,145,5,548,OC
Lit_cub,up,145,5,548,OC
Cast_mek,down,145,5,548,OC
Lit_cub,down,145,5,548,OC
Cast_mek,up,217,5,548,CC
Lit_cub,up,217,5,548,CC
Cast_mek,down,217,5,548,CC
Lit_cub,down,217,5,548,CC
Cast_mek,up,126,5,548,OL
Lit_cub,up,126,5,548,OL
Cast_mek,down,126,5,548,OL
Lit_cub,down,126,5,548,OL
Cast_mek,up,381,5,548,OC
Lit_cub,up,381,5,548,OC
Cast_mek,down,381,5,548,OC
Lit_cub,down,381,5,548,OC
Cast_mek,up,382,5,548,OL
Lit_cub,up,382,5,548,OL
Cast_mek,down,382,5,548,OL
Lit_cub,down,382,5,548,OL
Cast_mek,up,365,5,548,CC
Lit_cub,up,365,5,548,CC
Cast_mek,down,365,5,548,CC
Lit_cub,down,365,5,548,CC
Cast_mek,up,259,5,548,OC
Lit_cub,up,259,5,548,OC
Cast_mek,down,259,5,548,OC
Lit_cub,down,259,5,548,OC
Cast_mek,up,240,5,548,CC
Lit_cub,up,240,5,548,CC
Cast_mek,down,240,5,548,CC
Lit_cub,down,240,5,548,CC
Cast_mek,up,90,5,548,OC
Lit_cub,up,90,5,548,OC
Cast_mek,down,90,5,548,OC
Lit_cub,down,90,5,548,OC
Cast_mek,up,75,5,548,CC
Lit_cub,up,75,5,548,CC
Cast_mek,down,75,5,548,CC
Lit_cub,down,75,5,548,CC
Cast_mek,up,357,5,548,OL
Lit_cub,up,357,5,548,OL
Cast_mek,down,357,5,548,OL
Lit_cub,down,357,5,548,OL
Cast_mek,up,83,5,548,OC
Lit_cub,up,83,5,548,OC
Cast_mek,down,83,5,548,OC
Lit_cub,down,83,5,548,OC
Cast_mek,up,119,5,548,OL
Lit_cub,up,119,5,548,OL
Cast_mek,down,119,5,548,OL
Lit_cub,down,119,5,548,OL
Cast_mek,up,404,5,548,CC
Lit_cub,up,404,5,548,CC
Cast_mek,down,404,5,548,CC
Lit_cub,down,404,5,548,CC
Cast_mek,up,58,5,548,OC
Lit_cub,up,58,5,548,OC
Cast_mek,down,58,5,548,OC
Lit_cub,down,58,5,548,OC
Cast_mek,up,192,5,548,CC
Lit_cub,up,192,5,548,CC
Cast_mek,down,192,5,548,CC
Lit_cub,down,192,5,548,CC
Cast_mek,up,372,5,548,OC
Lit_cub,up,372,5,548,OC
Cast_mek,down,372,5,548,OC
Lit_cub,down,372,5,548,OC
Cast_mek,up,398,5,548,CC
Lit_cub,up,398,5,548,CC
Cast_mek,down,398,5,548,CC
Lit_cub,down,398,5,548,CC
Cast_mek,up,234,5,548,OC
Lit_cub,up,234,5,548,OC
Cast_mek,down,234,5,548,OC
Lit_cub,down,234,5,548,OC
Cast_mek,up,214,5,548,CC
Lit_cub,up,214,5,548,CC
Cast_mek,down,214,5,548,CC
Lit_cub,down,214,5,548,CC
Cast_mek,up,405,5,548,OC
Lit_cub,up,405,5,548,OC
Cast_mek,down,405,5,548,OC
Lit_cub,down,405,5,548,OC
Cast_mek,up,207,5,548,OL
Lit_cub,up,207,5,548,OL
Cast_mek,down,207,5,548,OL
Lit_cub,down,207,5,548,OL
Cast_mek,up,189,5,548,CC
Lit_cub,up,189,5,548,CC
Cast_mek,down,189,5,548,CC
Lit_cub,down,189,5,548,CC
Cast_mek,up,49,5,548,OC
Lit_cub,up,49,5,548,OC
Cast_mek,down,49,5,548,OC
Lit_cub,down,49,5,548,OC
Cast_mek,up,107,5,548,CC
Lit_cub,up,107,5,548,CC
Cast_mek,down,107,5,548,CC
Lit_cub,down,107,5,548,CC
Cast_mek,up,271,5,548,OC
Lit_cub,up,271,5,548,OC
Cast_mek,down,271,5,548,OC
Lit_cub,down,271,5,548,OC
Cast_mek,up,7,5,548,OC
Lit_cub,up,7,5,548,OC
Cast_mek,down,7,5,548,OC
Lit_cub,down,7,5,548,OC
Cast_mek,up,145,1,548,OC
Lit_cub,up,145,1,548,OC
Cast_mek,down,145,1,548,OC
Lit_cub,down,145,1,548,OC
Cast_mek,up,217,1,548,CC
Lit_cub,up,217,1,548,CC
Cast_mek,down,217,1,548,CC
Lit_cub,down,217,1,548,CC
Cast_mek,up,126,1,548,OL
Lit_cub,up,126,1,548,OL
Cast_mek,down,126,1,548,OL
Lit_cub,down,126,1,548,OL
Cast_mek,up,381,1,548,OC
Lit_cub,up,381,1,548,OC
Cast_mek,down,381,1,548,OC
Lit_cub,down,381,1,548,OC
Cast_mek,up,382,1,548,OL
Lit_cub,up,382,1,548,OL
Cast_mek,down,382,1,548,OL
Lit_cub,down,382,1,548,OL
Cast_mek,up,365,1,548,CC
Lit_cub,up,365,1,548,CC
Cast_mek,down,365,1,548,CC
Lit_cub,down,365,1,548,CC
Cast_mek,up,259,1,548,OC
Lit_cub,up,259,1,548,OC
Cast_mek,down,259,1,548,OC
Lit_cub,down,259,1,548,OC
Cast_mek,up,240,1,548,CC
Lit_cub,up,240,1,548,CC
Cast_mek,down,240,1,548,CC
Lit_cub,down,240,1,548,CC
Cast_mek,up,90,1,548,OC
Lit_cub,up,90,1,548,OC
Cast_mek,down,90,1,548,OC
Lit_cub,down,90,1,548,OC
Cast_mek,up,75,1,548,CC
Lit_cub,up,75,1,548,CC
Cast_mek,down,75,1,548,CC
Lit_cub,down,75,1,548,CC
Cast_mek,up,357,1,548,OL
Lit_cub,up,357,1,548,OL
Cast_mek,down,357,1,548,OL
Lit_cub,down,357,1,548,OL
Cast_mek,up,83,1,548,OC
Lit_cub,up,83,1,548,OC
Cast_mek,down,83,1,548,OC
Lit_cub,down,83,1,548,OC
Cast_mek,up,119,1,548,OL
Lit_cub,up,119,1,548,OL
Cast_mek,down,119,1,548,OL
Lit_cub,down,119,1,548,OL
Cast_mek,up,404,1,548,CC
Lit_cub,up,404,1,548,CC
Cast_mek,down,404,1,548,CC
Lit_cub,down,404,1,548,CC
Cast_mek,up,58,1,548,OC
Lit_cub,up,58,1,548,OC
Cast_mek,down,58,1,548,OC
Lit_cub,down,58,1,548,OC
Cast_mek,up,192,1,548,CC
Lit_cub,up,192,1,548,CC
Cast_mek,down,192,1,548,CC
Lit_cub,down,192,1,548,CC
Cast_mek,up,372,1,548,OC
Lit_cub,up,372,1,548,OC
Cast_mek,down,372,1,548,OC
Lit_cub,down,372,1,548,OC
Cast_mek,up,398,1,548,CC
Lit_cub,up,398,1,548,CC
Cast_mek,down,398,1,548,CC
Lit_cub,down,398,1,548,CC
Cast_mek,up,234,1,548,OC
Lit_cub,up,234,1,548,OC
Cast_mek,down,234,1,548,OC
Lit_cub,down,234,1,548,OC
Cast_mek,up,214,1,548,CC
Lit_cub,up,214,1,548,CC
Cast_mek,down,214,1,548,CC
Lit_cub,down,214,1,548,CC
Cast_mek,up,405,1,548,OC
Lit_cub,up,405,1,548,OC
Cast_mek,down,405,1,548,OC
Lit_cub,down,405,1,548,OC
Cast_mek,up,207,1,548,OL
Lit_cub,up,207,1,548,OL
Cast_mek,down,207,1,548,OL
Lit_cub,down,207,1,548,OL
Cast_mek,up,189,1,548,CC
Lit_cub,up,189,1,548,CC
Cast_mek,down,189,1,548,CC
Lit_cub,down,189,1,548,CC
Cast_mek,up,49,1,548,OC
Lit_cub,up,49,1,548,OC
Cast_mek,down,49,1,548,OC
Lit_cub,down,49,1,548,OC
Cast_mek,up,107,1,548,CC
Lit_cub,up,107,1,548,CC
Cast_mek,down,107,1,548,CC
Lit_cub,down,107,1,548,CC
Cast_mek,up,271,1,548,OC
Lit_cub,up,271,1,548,OC
Cast_mek,down,271,1,548,OC
Lit_cub,down,271,1,548,OC
Cast_mek,up,7,1,548,OC
Lit_cub,up,7,1,548,OC
Cast_mek,down,7,1,548,OC
Lit_cub,down,7,1,548,OC
Cast_mek,up,145,9,730,OC
Lit_cub,up,145,9,730,OC
Cast_mek,down,145,9,730,OC
Lit_cub,down,145,9,730,OC
Cast_mek,up,217,9,730,CC
Lit_cub,up,217,9,730,CC
Cast_mek,down,217,9,730,CC
Lit_cub,down,217,9,730,CC
Cast_mek,up,126,9,730,OL
Lit_cub,up,126,9,730,OL
Cast_mek,down,126,9,730,OL
Lit_cub,down,126,9,730,OL
Cast_mek,up,381,9,730,OC
Lit_cub,up,381,9,730,OC
Cast_mek,down,381,9,730,OC
Lit_cub,down,381,9,730,OC
Cast_mek,up,382,9,730,OL
Lit_cub,up,382,9,730,OL
Cast_mek,down,382,9,730,OL
Lit_cub,down,382,9,730,OL
Cast_mek,up,365,9,730,CC
Lit_cub,up,365,9,730,CC
Cast_mek,down,365,9,730,CC
Lit_cub,down,365,9,730,CC
Cast_mek,up,259,9,730,OC
Lit_cub,up,259,9,730,OC
Cast_mek,down,259,9,730,OC
Lit_cub,down,259,9,730,OC
Cast_mek,up,240,9,730,CC
Lit_cub,up,240,9,730,CC
Cast_mek,down,240,9,730,CC
Lit_cub,down,240,9,730,CC
Cast_mek,up,90,9,730,OC
Lit_cub,up,90,9,730,OC
Cast_mek,down,90,9,730,OC
Lit_cub,down,90,9,730,OC
Cast_mek,up,75,9,730,CC
Lit_cub,up,75,9,730,CC
Cast_mek,down,75,9,730,CC
Lit_cub,down,75,9,730,CC
Cast_mek,up,357,9,730,OL
Lit_cub,up,357,9,730,OL
Cast_mek,down,357,9,730,OL
Lit_cub,down,357,9,730,OL
Cast_mek,up,83,9,730,OC
Lit_cub,up,83,9,730,OC
Cast_mek,down,83,9,730,OC
Lit_cub,down,83,9,730,OC
Cast_mek,up,119,9,730,OL
Lit_cub,up,119,9,730,OL
Cast_mek,down,119,9,730,OL
Lit_cub,down,119,9,730,OL
Cast_mek,up,404,9,730,CC
Lit_cub,up,404,9,730,CC
Cast_mek,down,404,9,730,CC
Lit_cub,down,404,9,730,CC
Cast_mek,up,58,9,730,OC
Lit_cub,up,58,9,730,OC
Cast_mek,down,58,9,730,OC
Lit_cub,down,58,9,730,OC
Cast_mek,up,192,9,730,CC
Lit_cub,up,192,9,730,CC
Cast_mek,down,192,9,730,CC
Lit_cub,down,192,9,730,CC
Cast_mek,up,372,9,730,OC
Lit_cub,up,372,9,730,OC
Cast_mek,down,372,9,730,OC
Lit_cub,down,372,9,730,OC
Cast_mek,up,398,9,730,CC
Lit_cub,up,398,9,730,CC
Cast_mek,down,398,9,730,CC
Lit_cub,down,398,9,730,CC
Cast_mek,up,234,9,730,OC
Lit_cub,up,234,9,730,OC
Cast_mek,down,234,9,730,OC
Lit_cub,down,234,9,730,OC
Cast_mek,up,214,9,730,CC
Lit_cub,up,214,9,730,CC
Cast_mek,down,214,9,730,CC
Lit_cub,down,214,9,730,CC
Cast_mek,up,405,9,730,OC
Lit_cub,up,405,9,730,OC
Cast_mek,down,405,9,730,OC
Lit_cub,down,405,9,730,OC
Cast_mek,up,207,9,730,OL
Lit_cub,up,207,9,730,OL
Cast_mek,down,207,9,730,OL
Lit_cub,down,207,9,730,OL
Cast_mek,up,189,9,730,CC
Lit_cub,up,189,9,730,CC
Cast_mek,down,189,9,730,CC
Lit_cub,down,189,9,730,CC
Cast_mek,up,49,9,730,OC
Lit_cub,up,49,9,730,OC
Cast_mek,down,49,9,730,OC
Lit_cub,down,49,9,730,OC
Cast_mek,up,107,9,730,CC
Lit_cub,up,107,9,730,CC
Cast_mek,down,107,9,730,CC
Lit_cub,down,107,9,730,CC
Cast_mek,up,271,9,730,OC
Lit_cub,up,271,9,730,OC
Cast_mek,down,271,9,730,OC
Lit_cub,down,271,9,730,OC
Cast_mek,up,7,9,730,OC
Lit_cub,up,7,9,730,OC
Cast_mek,down,7,9,730,OC
Lit_cub,down,7,9,730,OC
Cast_mek,up,145,3,730,OC
Lit_cub,up,145,3,730,OC
Cast_mek,down,145,3,730,OC
Lit_cub,down,145,3,730,OC
Cast_mek,up,217,3,730,CC
Lit_cub,up,217,3,730,CC
Cast_mek,down,217,3,730,CC
Lit_cub,down,217,3,730,CC
Cast_mek,up,126,3,730,OL
Lit_cub,up,126,3,730,OL
Cast_mek,down,126,3,730,OL
Lit_cub,down,126,3,730,OL
Cast_mek,up,381,3,730,OC
Lit_cub,up,381,3,730,OC
Cast_mek,down,381,3,730,OC
Lit_cub,down,381,3,730,OC
Cast_mek,up,382,3,730,OL
Lit_cub,up,382,3,730,OL
Cast_mek,down,382,3,730,OL
Lit_cub,down,382,3,730,OL
Cast_mek,up,365,3,730,CC
Lit_cub,up,365,3,730,CC
Cast_mek,down,365,3,730,CC
Lit_cub,down,365,3,730,CC
Cast_mek,up,259,3,730,OC
Lit_cub,up,259,3,730,OC
Cast_mek,down,259,3,730,OC
Lit_cub,down,259,3,730,OC
Cast_mek,up,240,3,730,CC
Lit_cub,up,240,3,730,CC
Cast_mek,down,240,3,730,CC
Lit_cub,down,240,3,730,CC
Cast_mek,up,90,3,730,OC
Lit_cub,up,90,3,730,OC
Cast_mek,down,90,3,730,OC
Lit_cub,down,90,3,730,OC
Cast_mek,up,75,3,730,CC
Lit_cub,up,75,3,730,CC
Cast_mek,down,75,3,730,CC
Lit_cub,down,75,3,730,CC
Cast_mek,up,357,3,730,OL
Lit_cub,up,357,3,730,OL
Cast_mek,down,357,3,730,OL
Lit_cub,down,357,3,730,OL
Cast_mek,up,83,3,730,OC
Lit_cub,up,83,3,730,OC
Cast_mek,down,83,3,730,OC
Lit_cub,down,83,3,730,OC
Cast_mek,up,119,3,730,OL
Lit_cub,up,119,3,730,OL
Cast_mek,down,119,3,730,OL
Lit_cub,down,119,3,730,OL
Cast_mek,up,404,3,730,CC
Lit_cub,up,404,3,730,CC
Cast_mek,down,404,3,730,CC
Lit_cub,down,404,3,730,CC
Cast_mek,up,58,3,730,OC
Lit_cub,up,58,3,730,OC
Cast_mek,down,58,3,730,OC
Lit_cub,down,58,3,730,OC
Cast_mek,up,192,3,730,CC
Lit_cub,up,192,3,730,CC
Cast_mek,down,192,3,730,CC
Lit_cub,down,192,3,730,CC
Cast_mek,up,372,3,730,OC
Lit_cub,up,372,3,730,OC
Cast_mek,down,372,3,730,OC
Lit_cub,down,372,3,730,OC
Cast_mek,up,398,3,730,CC
Lit_cub,up,398,3,730,CC
Cast_mek,down,398,3,730,CC
Lit_cub,down,398,3,730,CC
Cast_mek,up,234,3,730,OC
Lit_cub,up,234,3,730,OC
Cast_mek,down,234,3,730,OC
Lit_cub,down,234,3,730,OC
Cast_mek,up,214,3,730,CC
Lit_cub,up,214,3,730,CC
Cast_mek,down,214,3,730,CC
Lit_cub,down,214,3,730,CC
Cast_mek,up,405,3,730,OC
Lit_cub,up,405,3,730,OC
Cast_mek,down,405,3,730,OC
Lit_cub,down,405,3,730,OC
Cast_mek,up,207,3,730,OL
Lit_cub,up,207,3,730,OL
Cast_mek,down,207,3,730,OL
Lit_cub,down,207,3,730,OL
Cast_mek,up,189,3,730,CC
Lit_cub,up,189,3,730,CC
Cast_mek,down,189,3,730,CC
Lit_cub,down,189,3,730,CC
Cast_mek,up,49,3,730,OC
Lit_cub,up,49,3,730,OC
Cast_mek,down,49,3,730,OC
Lit_cub,down,49,3,730,OC
Cast_mek,up,107,3,730,CC
Lit_cub,up,107,3,730,CC
Cast_mek,down,107,3,730,CC
Lit_cub,down,107,3,730,CC
Cast_mek,up,271,3,730,OC
Lit_cub,up,271,3,730,OC
Cast_mek,down,271,3,730,OC
Lit_cub,down,271,3,730,OC
Cast_mek,up,7,3,730,OC
Lit_cub,up,7,3,730,OC
Cast_mek,down,7,3,730,OC
Lit_cub,down,7,3,730,OC
Cast_mek,up,145,7,730,OC
Lit_cub,up,145,7,730,OC
Cast_mek,down,145,7,730,OC
Lit_cub,down,145,7,730,OC
Cast_mek,up,217,7,730,CC
Lit_cub,up,217,7,730,CC
Cast_mek,down,217,7,730,CC
Lit_cub,down,217,7,730,CC
Cast_mek,up,126,7,730,OL
Lit_cub,up,126,7,730,OL
Cast_mek,down,126,7,730,OL
Lit_cub,down,126,7,730,OL
Cast_mek,up,381,7,730,OC
Lit_cub,up,381,7,730,OC
Cast_mek,down,381,7,730,OC
Lit_cub,down,381,7,730,OC
Cast_mek,up,382,7,730,OL
Lit_cub,up,382,7,730,OL
Cast_mek,down,382,7,730,OL
Lit_cub,down,382,7,730,OL
Cast_mek,up,365,7,730,CC
Lit_cub,up,365,7,730,CC
Cast_mek,down,365,7,730,CC
Lit_cub,down,365,7,730,CC
Cast_mek,up,259,7,730,OC
Lit_cub,up,259,7,730,OC
Cast_mek,down,259,7,730,OC
Lit_cub,down,259,7,730,OC
Cast_mek,up,240,7,730,CC
Lit_cub,up,240,7,730,CC
Cast_mek,down,240,7,730,CC
Lit_cub,down,240,7,730,CC
Cast_mek,up,90,7,730,OC
Lit_cub,up,90,7,730,OC
Cast_mek,down,90,7,730,OC
Lit_cub,down,90,7,730,OC
Cast_mek,up,75,7,730,CC
Lit_cub,up,75,7,730,CC
Cast_mek,down,75,7,730,CC
Lit_cub,down,75,7,730,CC
Cast_mek,up,357,7,730,OL
Lit_cub,up,357,7,730,OL
Cast_mek,down,357,7,730,OL
Lit_cub,down,357,7,730,OL
Cast_mek,up,83,7,730,OC
Lit_cub,up,83,7,730,OC
Cast_mek,down,83,7,730,OC
Lit_cub,down,83,7,730,OC
Cast_mek,up,119,7,730,OL
Lit_cub,up,119,7,730,OL
Cast_mek,down,119,7,730,OL
Lit_cub,down,119,7,730,OL
Cast_mek,up,404,7,730,CC
Lit_cub,up,404,7,730,CC
Cast_mek,down,404,7,730,CC
Lit_cub,down,404,7,730,CC
Cast_mek,up,58,7,730,OC
Lit_cub,up,58,7,730,OC
Cast_mek,down,58,7,730,OC
Lit_cub,down,58,7,730,OC
Cast_mek,up,192,7,730,CC
Lit_cub,up,192,7,730,CC
Cast_mek,down,192,7,730,CC
Lit_cub,down,192,7,730,CC
Cast_mek,up,372,7,730,OC
Lit_cub,up,372,7,730,OC
Cast_mek,down,372,7,730,OC
Lit_cub,down,372,7,730,OC
Cast_mek,up,398,7,730,CC
Lit_cub,up,398,7,730,CC
Cast_mek,down,398,7,730,CC
Lit_cub,down,398,7,730,CC
Cast_mek,up,234,7,730,OC
Lit_cub,up,234,7,730,OC
Cast_mek,down,234,7,730,OC
Lit_cub,down,234,7,730,OC
Cast_mek,up,214,7,730,CC
Lit_cub,up,214,7,730,CC
Cast_mek,down,214,7,730,CC
Lit_cub,down,214,7,730,CC
Cast_mek,up,405,7,730,OC
Lit_cub,up,405,7,730,OC
Cast_mek,down,405,7,730,OC
Lit_cub,down,405,7,730,OC
Cast_mek,up,207,7,730,OL
Lit_cub,up,207,7,730,OL
Cast_mek,down,207,7,730,OL
Lit_cub,down,207,7,730,OL
Cast_mek,up,189,7,730,CC
Lit_cub,up,189,7,730,CC
Cast_mek,down,189,7,730,CC
Lit_cub,down,189,7,730,CC
Cast_mek,up,49,7,730,OC
Lit_cub,up,49,7,730,OC
Cast_mek,down,49,7,730,OC
Lit_cub,down,49,7,730,OC
Cast_mek,up,107,7,730,CC
Lit_cub,up,107,7,730,CC
Cast_mek,down,107,7,730,CC
Lit_cub,down,107,7,730,CC
Cast_mek,up,271,7,730,OC
Lit_cub,up,271,7,730,OC
Cast_mek,down,271,7,730,OC
Lit_cub,down,271,7,730,OC
Cast_mek,up,7,7,730,OC
Lit_cub,up,7,7,730,OC
Cast_mek,down,7,7,730,OC
Lit_cub,down,7,7,730,OC
Cast_mek,up,145,5,730,OC
Lit_cub,up,145,5,730,OC
Cast_mek,down,145,5,730,OC
Lit_cub,down,145,5,730,OC
Cast_mek,up,217,5,730,CC
Lit_cub,up,217,5,730,CC
Cast_mek,down,217,5,730,CC
Lit_cub,down,217,5,730,CC
Cast_mek,up,126,5,730,OL
Lit_cub,up,126,5,730,OL
Cast_mek,down,126,5,730,OL
Lit_cub,down,126,5,730,OL
Cast_mek,up,381,5,730,OC
Lit_cub,up,381,5,730,OC
Cast_mek,down,381,5,730,OC
Lit_cub,down,381,5,730,OC
Cast_mek,up,382,5,730,OL
Lit_cub,up,382,5,730,OL
Cast_mek,down,382,5,730,OL
Lit_cub,down,382,5,730,OL
Cast_mek,up,365,5,730,CC
Lit_cub,up,365,5,730,CC
Cast_mek,down,365,5,730,CC
Lit_cub,down,365,5,730,CC
Cast_mek,up,259,5,730,OC
Lit_cub,up,259,5,730,OC
Cast_mek,down,259,5,730,OC
Lit_cub,down,259,5,730,OC
Cast_mek,up,240,5,730,CC
Lit_cub,up,240,5,730,CC
Cast_mek,down,240,5,730,CC
Lit_cub,down,240,5,730,CC
Cast_mek,up,90,5,730,OC
Lit_cub,up,90,5,730,OC
Cast_mek,down,90,5,730,OC
Lit_cub,down,90,5,730,OC
Cast_mek,up,75,5,730,CC
Lit_cub,up,75,5,730,CC
Cast_mek,down,75,5,730,CC
Lit_cub,down,75,5,730,CC
Cast_mek,up,357,5,730,OL
Lit_cub,up,357,5,730,OL
Cast_mek,down,357,5,730,OL
Lit_cub,down,357,5,730,OL
Cast_mek,up,83,5,730,OC
Lit_cub,up,83,5,730,OC
Cast_mek,down,83,5,730,OC
Lit_cub,down,83,5,730,OC
Cast_mek,up,119,5,730,OL
Lit_cub,up,119,5,730,OL
Cast_mek,down,119,5,730,OL
Lit_cub,down,119,5,730,OL
Cast_mek,up,404,5,730,CC
Lit_cub,up,404,5,730,CC
Cast_mek,down,404,5,730,CC
Lit_cub,down,404,5,730,CC
Cast_mek,up,58,5,730,OC
Lit_cub,up,58,5,730,OC
Cast_mek,down,58,5,730,OC
Lit_cub,down,58,5,730,OC
Cast_mek,up,192,5,730,CC
Lit_cub,up,192,5,730,CC
Cast_mek,down,192,5,730,CC
Lit_cub,down,192,5,730,CC
Cast_mek,up,372,5,730,OC
Lit_cub,up,372,5,730,OC
Cast_mek,down,372,5,730,OC
Lit_cub,down,372,5,730,OC
Cast_mek,up,398,5,730,CC
Lit_cub,up,398,5,730,CC
Cast_mek,down,398,5,730,CC
Lit_cub,down,398,5,730,CC
Cast_mek,up,234,5,730,OC
Lit_cub,up,234,5,730,OC
Cast_mek,down,234,5,730,OC
Lit_cub,down,234,5,730,OC
Cast_mek,up,214,5,730,CC
Lit_cub,up,214,5,730,CC
Cast_mek,down,214,5,730,CC
Lit_cub,down,214,5,730,CC
Cast_mek,up,405,5,730,OC
Lit_cub,up,405,5,730,OC
Cast_mek,down,405,5,730,OC
Lit_cub,down,405,5,730,OC
Cast_mek,up,207,5,730,OL
Lit_cub,up,207,5,730,OL
Cast_mek,down,207,5,730,OL
Lit_cub,down,207,5,730,OL
Cast_mek,up,189,5,730,CC
Lit_cub,up,189,5,730,CC
Cast_mek,down,189,5,730,CC
Lit_cub,down,189,5,730,CC
Cast_mek,up,49,5,730,OC
Lit_cub,up,49,5,730,OC
Cast_mek,down,49,5,730,OC
Lit_cub,down,49,5,730,OC
Cast_mek,up,107,5,730,CC
Lit_cub,up,107,5,730,CC
Cast_mek,down,107,5,730,CC
Lit_cub,down,107,5,730,CC
Cast_mek,up,271,5,730,OC
Lit_cub,up,271,5,730,OC
Cast_mek,down,271,5,730,OC
Lit_cub,down,271,5,730,OC
Cast_mek,up,7,5,730,OC
Lit_cub,up,7,5,730,OC
Cast_mek,down,7,5,730,OC
Lit_cub,down,7,5,730,OC
Cast_mek,up,145,1,730,OC
Lit_cub,up,145,1,730,OC
Cast_mek,down,145,1,730,OC
Lit_cub,down,145,1,730,OC
Cast_mek,up,217,1,730,CC
Lit_cub,up,217,1,730,CC
Cast_mek,down,217,1,730,CC
Lit_cub,down,217,1,730,CC
Cast_mek,up,126,1,730,OL
Lit_cub,up,126,1,730,OL
Cast_mek,down,126,1,730,OL
Lit_cub,down,126,1,730,OL
Cast_mek,up,381,1,730,OC
Lit_cub,up,381,1,730,OC
Cast_mek,down,381,1,730,OC
Lit_cub,down,381,1,730,OC
Cast_mek,up,382,1,730,OL
Lit_cub,up,382,1,730,OL
Cast_mek,down,382,1,730,OL
Lit_cub,down,382,1,730,OL
Cast_mek,up,365,1,730,CC
Lit_cub,up,365,1,730,CC
Cast_mek,down,365,1,730,CC
Lit_cub,down,365,1,730,CC
Cast_mek,up,259,1,730,OC
Lit_cub,up,259,1,730,OC
Cast_mek,down,259,1,730,OC
Lit_cub,down,259,1,730,OC
Cast_mek,up,240,1,730,CC
Lit_cub,up,240,1,730,CC
Cast_mek,down,240,1,730,CC
Lit_cub,down,240,1,730,CC
Cast_mek,up,90,1,730,OC
Lit_cub,up,90,1,730,OC
Cast_mek,down,90,1,730,OC
Lit_cub,down,90,1,730,OC
Cast_mek,up,75,1,730,CC
Lit_cub,up,75,1,730,CC
Cast_mek,down,75,1,730,CC
Lit_cub,down,75,1,730,CC
Cast_mek,up,357,1,730,OL
Lit_cub,up,357,1,730,OL
Cast_mek,down,357,1,730,OL
Lit_cub,down,357,1,730,OL
Cast_mek,up,83,1,730,OC
Lit_cub,up,83,1,730,OC
Cast_mek,down,83,1,730,OC
Lit_cub,down,83,1,730,OC
Cast_mek,up,119,1,730,OL
Lit_cub,up,119,1,730,OL
Cast_mek,down,119,1,730,OL
Lit_cub,down,119,1,730,OL
Cast_mek,up,404,1,730,CC
Lit_cub,up,404,1,730,CC
Cast_mek,down,404,1,730,CC
Lit_cub,down,404,1,730,CC
Cast_mek,up,58,1,730,OC
Lit_cub,up,58,1,730,OC
Cast_mek,down,58,1,730,OC
Lit_cub,down,58,1,730,OC
Cast_mek,up,192,1,730,CC
Lit_cub,up,192,1,730,CC
Cast_mek,down,192,1,730,CC
Lit_cub,down,192,1,730,CC
Cast_mek,up,372,1,730,OC
Lit_cub,up,372,1,730,OC
Cast_mek,down,372,1,730,OC
Lit_cub,down,372,1,730,OC
Cast_mek,up,398,1,730,CC
Lit_cub,up,398,1,730,CC
Cast_mek,down,398,1,730,CC
Lit_cub,down,398,1,730,CC
Cast_mek,up,234,1,730,OC
Lit_cub,up,234,1,730,OC
Cast_mek,down,234,1,730,OC
Lit_cub,down,234,1,730,OC
Cast_mek,up,214,1,730,CC
Lit_cub,up,214,1,730,CC
Cast_mek,down,214,1,730,CC
Lit_cub,down,214,1,730,CC
Cast_mek,up,405,1,730,OC
Lit_cub,up,405,1,730,OC
Cast_mek,down,405,1,730,OC
Lit_cub,down,405,1,730,OC
Cast_mek,up,207,1,730,OL
Lit_cub,up,207,1,730,OL
Cast_mek,down,207,1,730,OL
Lit_cub,down,207,1,730,OL
Cast_mek,up,189,1,730,CC
Lit_cub,up,189,1,730,CC
Cast_mek,down,189,1,730,CC
Lit_cub,down,189,1,730,CC
Cast_mek,up,49,1,730,OC
Lit_cub,up,49,1,730,OC
Cast_mek,down,49,1,730,OC
Lit_cub,down,49,1,730,OC
Cast_mek,up,107,1,730,CC
Lit_cub,up,107,1,730,CC
Cast_mek,down,107,1,730,CC
Lit_cub,down,107,1,730,CC
Cast_mek,up,271,1,730,OC
Lit_cub,up,271,1,730,OC
Cast_mek,down,271,1,730,OC
Lit_cub,down,271,1,730,OC
Cast_mek,up,7,1,730,OC
Lit_cub,up,7,1,730,OC
Cast_mek,down,7,1,730,OC
Lit_cub,down,7,1,730,OC
Cast_mek,up,145,9,1095,OC
Lit_cub,up,145,9,1095,OC
Cast_mek,down,145,9,1095,OC
Lit_cub,down,145,9,1095,OC
Cast_mek,up,217,9,1095,CC
Lit_cub,up,217,9,1095,CC
Cast_mek,down,217,9,1095,CC
Lit_cub,down,217,9,1095,CC
Cast_mek,up,126,9,1095,OL
Lit_cub,up,126,9,1095,OL
Cast_mek,down,126,9,1095,OL
Lit_cub,down,126,9,1095,OL
Cast_mek,up,381,9,1095,OC
Lit_cub,up,381,9,1095,OC
Cast_mek,down,381,9,1095,OC
Lit_cub,down,381,9,1095,OC
Cast_mek,up,382,9,1095,OL
Lit_cub,up,382,9,1095,OL
Cast_mek,down,382,9,1095,OL
Lit_cub,down,382,9,1095,OL
Cast_mek,up,365,9,1095,CC
Lit_cub,up,365,9,1095,CC
Cast_mek,down,365,9,1095,CC
Lit_cub,down,365,9,1095,CC
Cast_mek,up,259,9,1095,OC
Lit_cub,up,259,9,1095,OC
Cast_mek,down,259,9,1095,OC
Lit_cub,down,259,9,1095,OC
Cast_mek,up,240,9,1095,CC
Lit_cub,up,240,9,1095,CC
Cast_mek,down,240,9,1095,CC
Lit_cub,down,240,9,1095,CC
Cast_mek,up,90,9,1095,OC
Lit_cub,up,90,9,1095,OC
Cast_mek,down,90,9,1095,OC
Lit_cub,down,90,9,1095,OC
Cast_mek,up,75,9,1095,CC
Lit_cub,up,75,9,1095,CC
Cast_mek,down,75,9,1095,CC
Lit_cub,down,75,9,1095,CC
Cast_mek,up,357,9,1095,OL
Lit_cub,up,357,9,1095,OL
Cast_mek,down,357,9,1095,OL
Lit_cub,down,357,9,1095,OL
Cast_mek,up,83,9,1095,OC
Lit_cub,up,83,9,1095,OC
Cast_mek,down,83,9,1095,OC
Lit_cub,down,83,9,1095,OC
Cast_mek,up,119,9,1095,OL
Lit_cub,up,119,9,1095,OL
Cast_mek,down,119,9,1095,OL
Lit_cub,down,119,9,1095,OL
Cast_mek,up,404,9,1095,CC
Lit_cub,up,404,9,1095,CC
Cast_mek,down,404,9,1095,CC
Lit_cub,down,404,9,1095,CC
Cast_mek,up,58,9,1095,OC
Lit_cub,up,58,9,1095,OC
Cast_mek,down,58,9,1095,OC
Lit_cub,down,58,9,1095,OC
Cast_mek,up,192,9,1095,CC
Lit_cub,up,192,9,1095,CC
Cast_mek,down,192,9,1095,CC
Lit_cub,down,192,9,1095,CC
Cast_mek,up,372,9,1095,OC
Lit_cub,up,372,9,1095,OC
Cast_mek,down,372,9,1095,OC
Lit_cub,down,372,9,1095,OC
Cast_mek,up,398,9,1095,CC
Lit_cub,up,398,9,1095,CC
Cast_mek,down,398,9,1095,CC
Lit_cub,down,398,9,1095,CC
Cast_mek,up,234,9,1095,OC
Lit_cub,up,234,9,1095,OC
Cast_mek,down,234,9,1095,OC
Lit_cub,down,234,9,1095,OC
Cast_mek,up,214,9,1095,CC
Lit_cub,up,214,9,1095,CC
Cast_mek,down,214,9,1095,CC
Lit_cub,down,214,9,1095,CC
Cast_mek,up,405,9,1095,OC
Lit_cub,up,405,9,1095,OC
Cast_mek,down,405,9,1095,OC
Lit_cub,down,405,9,1095,OC
Cast_mek,up,207,9,1095,OL
Lit_cub,up,207,9,1095,OL
Cast_mek,down,207,9,1095,OL
Lit_cub,down,207,9,1095,OL
Cast_mek,up,189,9,1095,CC
Lit_cub,up,189,9,1095,CC
Cast_mek,down,189,9,1095,CC
Lit_cub,down,189,9,1095,CC
Cast_mek,up,49,9,1095,OC
Lit_cub,up,49,9,1095,OC
Cast_mek,down,49,9,1095,OC
Lit_cub,down,49,9,1095,OC
Cast_mek,up,107,9,1095,CC
Lit_cub,up,107,9,1095,CC
Cast_mek,down,107,9,1095,CC
Lit_cub,down,107,9,1095,CC
Cast_mek,up,271,9,1095,OC
Lit_cub,up,271,9,1095,OC
Cast_mek,down,271,9,1095,OC
Lit_cub,down,271,9,1095,OC
Cast_mek,up,7,9,1095,OC
Lit_cub,up,7,9,1095,OC
Cast_mek,down,7,9,1095,OC
Lit_cub,down,7,9,1095,OC
Cast_mek,up,145,3,1095,OC
Lit_cub,up,145,3,1095,OC
Cast_mek,down,145,3,1095,OC
Lit_cub,down,145,3,1095,OC
Cast_mek,up,217,3,1095,CC
Lit_cub,up,217,3,1095,CC
Cast_mek,down,217,3,1095,CC
Lit_cub,down,217,3,1095,CC
Cast_mek,up,126,3,1095,OL
Lit_cub,up,126,3,1095,OL
Cast_mek,down,126,3,1095,OL
Lit_cub,down,126,3,1095,OL
Cast_mek,up,381,3,1095,OC
Lit_cub,up,381,3,1095,OC
Cast_mek,down,381,3,1095,OC
Lit_cub,down,381,3,1095,OC
Cast_mek,up,382,3,1095,OL
Lit_cub,up,382,3,1095,OL
Cast_mek,down,382,3,1095,OL
Lit_cub,down,382,3,1095,OL
Cast_mek,up,365,3,1095,CC
Lit_cub,up,365,3,1095,CC
Cast_mek,down,365,3,1095,CC
Lit_cub,down,365,3,1095,CC
Cast_mek,up,259,3,1095,OC
Lit_cub,up,259,3,1095,OC
Cast_mek,down,259,3,1095,OC
Lit_cub,down,259,3,1095,OC
Cast_mek,up,240,3,1095,CC
Lit_cub,up,240,3,1095,CC
Cast_mek,down,240,3,1095,CC
Lit_cub,down,240,3,1095,CC
Cast_mek,up,90,3,1095,OC
Lit_cub,up,90,3,1095,OC
Cast_mek,down,90,3,1095,OC
Lit_cub,down,90,3,1095,OC
Cast_mek,up,75,3,1095,CC
Lit_cub,up,75,3,1095,CC
Cast_mek,down,75,3,1095,CC
Lit_cub,down,75,3,1095,CC
Cast_mek,up,357,3,1095,OL
Lit_cub,up,357,3,1095,OL
Cast_mek,down,357,3,1095,OL
Lit_cub,down,357,3,1095,OL
Cast_mek,up,83,3,1095,OC
Lit_cub,up,83,3,1095,OC
Cast_mek,down,83,3,1095,OC
Lit_cub,down,83,3,1095,OC
Cast_mek,up,119,3,1095,OL
Lit_cub,up,119,3,1095,OL
Cast_mek,down,119,3,1095,OL
Lit_cub,down,119,3,1095,OL
Cast_mek,up,404,3,1095,CC
Lit_cub,up,404,3,1095,CC
Cast_mek,down,404,3,1095,CC
Lit_cub,down,404,3,1095,CC
Cast_mek,up,58,3,1095,OC
Lit_cub,up,58,3,1095,OC
Cast_mek,down,58,3,1095,OC
Lit_cub,down,58,3,1095,OC
Cast_mek,up,192,3,1095,CC
Lit_cub,up,192,3,1095,CC
Cast_mek,down,192,3,1095,CC
Lit_cub,down,192,3,1095,CC
Cast_mek,up,372,3,1095,OC
Lit_cub,up,372,3,1095,OC
Cast_mek,down,372,3,1095,OC
Lit_cub,down,372,3,1095,OC
Cast_mek,up,398,3,1095,CC
Lit_cub,up,398,3,1095,CC
Cast_mek,down,398,3,1095,CC
Lit_cub,down,398,3,1095,CC
Cast_mek,up,234,3,1095,OC
Lit_cub,up,234,3,1095,OC
Cast_mek,down,234,3,1095,OC
Lit_cub,down,234,3,1095,OC
Cast_mek,up,214,3,1095,CC
Lit_cub,up,214,3,1095,CC
Cast_mek,down,214,3,1095,CC
Lit_cub,down,214,3,1095,CC
Cast_mek,up,405,3,1095,OC
Lit_cub,up,405,3,1095,OC
Cast_mek,down,405,3,1095,OC
Lit_cub,down,405,3,1095,OC
Cast_mek,up,207,3,1095,OL
Lit_cub,up,207,3,1095,OL
Cast_mek,down,207,3,1095,OL
Lit_cub,down,207,3,1095,OL
Cast_mek,up,189,3,1095,CC
Lit_cub,up,189,3,1095,CC
Cast_mek,down,189,3,1095,CC
Lit_cub,down,189,3,1095,CC
Cast_mek,up,49,3,1095,OC
Lit_cub,up,49,3,1095,OC
Cast_mek,down,49,3,1095,OC
Lit_cub,down,49,3,1095,OC
Cast_mek,up,107,3,1095,CC
Lit_cub,up,107,3,1095,CC
Cast_mek,down,107,3,1095,CC
Lit_cub,down,107,3,1095,CC
Cast_mek,up,271,3,1095,OC
Lit_cub,up,271,3,1095,OC
Cast_mek,down,271,3,1095,OC
Lit_cub,down,271,3,1095,OC
Cast_mek,up,7,3,1095,OC
Lit_cub,up,7,3,1095,OC
Cast_mek,down,7,3,1095,OC
Lit_cub,down,7,3,1095,OC
Cast_mek,up,145,7,1095,OC
Lit_cub,up,145,7,1095,OC
Cast_mek,down,145,7,1095,OC
Lit_cub,down,145,7,1095,OC
Cast_mek,up,217,7,1095,CC
Lit_cub,up,217,7,1095,CC
Cast_mek,down,217,7,1095,CC
Lit_cub,down,217,7,1095,CC
Cast_mek,up,126,7,1095,OL
Lit_cub,up,126,7,1095,OL
Cast_mek,down,126,7,1095,OL
Lit_cub,down,126,7,1095,OL
Cast_mek,up,381,7,1095,OC
Lit_cub,up,381,7,1095,OC
Cast_mek,down,381,7,1095,OC
Lit_cub,down,381,7,1095,OC
Cast_mek,up,382,7,1095,OL
Lit_cub,up,382,7,1095,OL
Cast_mek,down,382,7,1095,OL
Lit_cub,down,382,7,1095,OL
Cast_mek,up,365,7,1095,CC
Lit_cub,up,365,7,1095,CC
Cast_mek,down,365,7,1095,CC
Lit_cub,down,365,7,1095,CC
Cast_mek,up,259,7,1095,OC
Lit_cub,up,259,7,1095,OC
Cast_mek,down,259,7,1095,OC
Lit_cub,down,259,7,1095,OC
Cast_mek,up,240,7,1095,CC
Lit_cub,up,240,7,1095,CC
Cast_mek,down,240,7,1095,CC
Lit_cub,down,240,7,1095,CC
Cast_mek,up,90,7,1095,OC
Lit_cub,up,90,7,1095,OC
Cast_mek,down,90,7,1095,OC
Lit_cub,down,90,7,1095,OC
Cast_mek,up,75,7,1095,CC
Lit_cub,up,75,7,1095,CC
Cast_mek,down,75,7,1095,CC
Lit_cub,down,75,7,1095,CC
Cast_mek,up,357,7,1095,OL
Lit_cub,up,357,7,1095,OL
Cast_mek,down,357,7,1095,OL
Lit_cub,down,357,7,1095,OL
Cast_mek,up,83,7,1095,OC
Lit_cub,up,83,7,1095,OC
Cast_mek,down,83,7,1095,OC
Lit_cub,down,83,7,1095,OC
Cast_mek,up,119,7,1095,OL
Lit_cub,up,119,7,1095,OL
Cast_mek,down,119,7,1095,OL
Lit_cub,down,119,7,1095,OL
Cast_mek,up,404,7,1095,CC
Lit_cub,up,404,7,1095,CC
Cast_mek,down,404,7,1095,CC
Lit_cub,down,404,7,1095,CC
Cast_mek,up,58,7,1095,OC
Lit_cub,up,58,7,1095,OC
Cast_mek,down,58,7,1095,OC
Lit_cub,down,58,7,1095,OC
Cast_mek,up,192,7,1095,CC
Lit_cub,up,192,7,1095,CC
Cast_mek,down,192,7,1095,CC
Lit_cub,down,192,7,1095,CC
Cast_mek,up,372,7,1095,OC
Lit_cub,up,372,7,1095,OC
Cast_mek,down,372,7,1095,OC
Lit_cub,down,372,7,1095,OC
Cast_mek,up,398,7,1095,CC
Lit_cub,up,398,7,1095,CC
Cast_mek,down,398,7,1095,CC
Lit_cub,down,398,7,1095,CC
Cast_mek,up,234,7,1095,OC
Lit_cub,up,234,7,1095,OC
Cast_mek,down,234,7,1095,OC
Lit_cub,down,234,7,1095,OC
Cast_mek,up,214,7,1095,CC
Lit_cub,up,214,7,1095,CC
Cast_mek,down,214,7,1095,CC
Lit_cub,down,214,7,1095,CC
Cast_mek,up,405,7,1095,OC
Lit_cub,up,405,7,1095,OC
Cast_mek,down,405,7,1095,OC
Lit_cub,down,405,7,1095,OC
Cast_mek,up,207,7,1095,OL
Lit_cub,up,207,7,1095,OL
Cast_mek,down,207,7,1095,OL
Lit_cub,down,207,7,1095,OL
Cast_mek,up,189,7,1095,CC
Lit_cub,up,189,7,1095,CC
Cast_mek,down,189,7,1095,CC
Lit_cub,down,189,7,1095,CC
Cast_mek,up,49,7,1095,OC
Lit_cub,up,49,7,1095,OC
Cast_mek,down,49,7,1095,OC
Lit_cub,down,49,7,1095,OC
Cast_mek,up,107,7,1095,CC
Lit_cub,up,107,7,1095,CC
Cast_mek,down,107,7,1095,CC
Lit_cub,down,107,7,1095,CC
Cast_mek,up,271,7,1095,OC
Lit_cub,up,271,7,1095,OC
Cast_mek,down,271,7,1095,OC
Lit_cub,down,271,7,1095,OC
Cast_mek,up,7,7,1095,OC
Lit_cub,up,7,7,1095,OC
Cast_mek,down,7,7,1095,OC
Lit_cub,down,7,7,1095,OC
Cast_mek,up,145,5,1095,OC
Lit_cub,up,145,5,1095,OC
Cast_mek,down,145,5,1095,OC
Lit_cub,down,145,5,1095,OC
Cast_mek,up,217,5,1095,CC
Lit_cub,up,217,5,1095,CC
Cast_mek,down,217,5,1095,CC
Lit_cub,down,217,5,1095,CC
Cast_mek,up,126,5,1095,OL
Lit_cub,up,126,5,1095,OL
Cast_mek,down,126,5,1095,OL
Lit_cub,down,126,5,1095,OL
Cast_mek,up,381,5,1095,OC
Lit_cub,up,381,5,1095,OC
Cast_mek,down,381,5,1095,OC
Lit_cub,down,381,5,1095,OC
Cast_mek,up,382,5,1095,OL
Lit_cub,up,382,5,1095,OL
Cast_mek,down,382,5,1095,OL
Lit_cub,down,382,5,1095,OL
Cast_mek,up,365,5,1095,CC
Lit_cub,up,365,5,1095,CC
Cast_mek,down,365,5,1095,CC
Lit_cub,down,365,5,1095,CC
Cast_mek,up,259,5,1095,OC
Lit_cub,up,259,5,1095,OC
Cast_mek,down,259,5,1095,OC
Lit_cub,down,259,5,1095,OC
Cast_mek,up,240,5,1095,CC
Lit_cub,up,240,5,1095,CC
Cast_mek,down,240,5,1095,CC
Lit_cub,down,240,5,1095,CC
Cast_mek,up,90,5,1095,OC
Lit_cub,up,90,5,1095,OC
Cast_mek,down,90,5,1095,OC
Lit_cub,down,90,5,1095,OC
Cast_mek,up,75,5,1095,CC
Lit_cub,up,75,5,1095,CC
Cast_mek,down,75,5,1095,CC
Lit_cub,down,75,5,1095,CC
Cast_mek,up,357,5,1095,OL
Lit_cub,up,357,5,1095,OL
Cast_mek,down,357,5,1095,OL
Lit_cub,down,357,5,1095,OL
Cast_mek,up,83,5,1095,OC
Lit_cub,up,83,5,1095,OC
Cast_mek,down,83,5,1095,OC
Lit_cub,down,83,5,1095,OC
Cast_mek,up,119,5,1095,OL
Lit_cub,up,119,5,1095,OL
Cast_mek,down,119,5,1095,OL
Lit_cub,down,119,5,1095,OL
Cast_mek,up,404,5,1095,CC
Lit_cub,up,404,5,1095,CC
Cast_mek,down,404,5,1095,CC
Lit_cub,down,404,5,1095,CC
Cast_mek,up,58,5,1095,OC
Lit_cub,up,58,5,1095,OC
Cast_mek,down,58,5,1095,OC
Lit_cub,down,58,5,1095,OC
Cast_mek,up,192,5,1095,CC
Lit_cub,up,192,5,1095,CC
Cast_mek,down,192,5,1095,CC
Lit_cub,down,192,5,1095,CC
Cast_mek,up,372,5,1095,OC
Lit_cub,up,372,5,1095,OC
Cast_mek,down,372,5,1095,OC
Lit_cub,down,372,5,1095,OC
Cast_mek,up,398,5,1095,CC
Lit_cub,up,398,5,1095,CC
Cast_mek,down,398,5,1095,CC
Lit_cub,down,398,5,1095,CC
Cast_mek,up,234,5,1095,OC
Lit_cub,up,234,5,1095,OC
Cast_mek,down,234,5,1095,OC
Lit_cub,down,234,5,1095,OC
Cast_mek,up,214,5,1095,CC
Lit_cub,up,214,5,1095,CC
Cast_mek,down,214,5,1095,CC
Lit_cub,down,214,5,1095,CC
Cast_mek,up,405,5,1095,OC
Lit_cub,up,405,5,1095,OC
Cast_mek,down,405,5,1095,OC
Lit_cub,down,405,5,1095,OC
Cast_mek,up,207,5,1095,OL
Lit_cub,up,207,5,1095,OL
Cast_mek,down,207,5,1095,OL
Lit_cub,down,207,5,1095,OL
Cast_mek,up,189,5,1095,CC
Lit_cub,up,189,5,1095,CC
Cast_mek,down,189,5,1095,CC
Lit_cub,down,189,5,1095,CC
Cast_mek,up,49,5,1095,OC
Lit_cub,up,49,5,1095,OC
Cast_mek,down,49,5,1095,OC
Lit_cub,down,49,5,1095,OC
Cast_mek,up,107,5,1095,CC
Lit_cub,up,107,5,1095,CC
Cast_mek,down,107,5,1095,CC
Lit_cub,down,107,5,1095,CC
Cast_mek,up,271,5,1095,OC
Lit_cub,up,271,5,1095,OC
Cast_mek,down,271,5,1095,OC
Lit_cub,down,271,5,1095,OC
Cast_mek,up,7,5,1095,OC
Lit_cub,up,7,5,1095,OC
Cast_mek,down,7,5,1095,OC
Lit_cub,down,7,5,1095,OC
Cast_mek,up,145,1,1095,OC
Lit_cub,up,145,1,1095,OC
Cast_mek,down,145,1,1095,OC
Lit_cub,down,145,1,1095,OC
Cast_mek,up,217,1,1095,CC
Lit_cub,up,217,1,1095,CC
Cast_mek,down,217,1,1095,CC
Lit_cub,down,217,1,1095,CC
Cast_mek,up,126,1,1095,OL
Lit_cub,up,126,1,1095,OL
Cast_mek,down,126,1,1095,OL
Lit_cub,down,126,1,1095,OL
Cast_mek,up,381,1,1095,OC
Lit_cub,up,381,1,1095,OC
Cast_mek,down,381,1,1095,OC
Lit_cub,down,381,1,1095,OC
Cast_mek,up,382,1,1095,OL
Lit_cub,up,382,1,1095,OL
Cast_mek,down,382,1,1095,OL
Lit_cub,down,382,1,1095,OL
Cast_mek,up,365,1,1095,CC
Lit_cub,up,365,1,1095,CC
Cast_mek,down,365,1,1095,CC
Lit_cub,down,365,1,1095,CC
Cast_mek,up,259,1,1095,OC
Lit_cub,up,259,1,1095,OC
Cast_mek,down,259,1,1095,OC
Lit_cub,down,259,1,1095,OC
Cast_mek,up,240,1,1095,CC
Lit_cub,up,240,1,1095,CC
Cast_mek,down,240,1,1095,CC
Lit_cub,down,240,1,1095,CC
Cast_mek,up,90,1,1095,OC
Lit_cub,up,90,1,1095,OC
Cast_mek,down,90,1,1095,OC
Lit_cub,down,90,1,1095,OC
Cast_mek,up,75,1,1095,CC
Lit_cub,up,75,1,1095,CC
Cast_mek,down,75,1,1095,CC
Lit_cub,down,75,1,1095,CC
Cast_mek,up,357,1,1095,OL
Lit_cub,up,357,1,1095,OL
Cast_mek,down,357,1,1095,OL
Lit_cub,down,357,1,1095,OL
Cast_mek,up,83,1,1095,OC
Lit_cub,up,83,1,1095,OC
Cast_mek,down,83,1,1095,OC
Lit_cub,down,83,1,1095,OC
Cast_mek,up,119,1,1095,OL
Lit_cub,up,119,1,1095,OL
Cast_mek,down,119,1,1095,OL
Lit_cub,down,119,1,1095,OL
Cast_mek,up,404,1,1095,CC
Lit_cub,up,404,1,1095,CC
Cast_mek,down,404,1,1095,CC
Lit_cub,down,404,1,1095,CC
Cast_mek,up,58,1,1095,OC
Lit_cub,up,58,1,1095,OC
Cast_mek,down,58,1,1095,OC
Lit_cub,down,58,1,1095,OC
Cast_mek,up,192,1,1095,CC
Lit_cub,up,192,1,1095,CC
Cast_mek,down,192,1,1095,CC
Lit_cub,down,192,1,1095,CC
Cast_mek,up,372,1,1095,OC
Lit_cub,up,372,1,1095,OC
Cast_mek,down,372,1,1095,OC
Lit_cub,down,372,1,1095,OC
Cast_mek,up,398,1,1095,CC
Lit_cub,up,398,1,1095,CC
Cast_mek,down,398,1,1095,CC
Lit_cub,down,398,1,1095,CC
Cast_mek,up,234,1,1095,OC
Lit_cub,up,234,1,1095,OC
Cast_mek,down,234,1,1095,OC
Lit_cub,down,234,1,1095,OC
Cast_mek,up,214,1,1095,CC
Lit_cub,up,214,1,1095,CC
Cast_mek,down,214,1,1095,CC
Lit_cub,down,214,1,1095,CC
Cast_mek,up,405,1,1095,OC
Lit_cub,up,405,1,1095,OC
Cast_mek,down,405,1,1095,OC
Lit_cub,down,405,1,1095,OC
Cast_mek,up,207,1,1095,OL
Lit_cub,up,207,1,1095,OL
Cast_mek,down,207,1,1095,OL
Lit_cub,down,207,1,1095,OL
Cast_mek,up,189,1,1095,CC
Lit_cub,up,189,1,1095,CC
Cast_mek,down,189,1,1095,CC
Lit_cub,down,189,1,1095,CC
Cast_mek,up,49,1,1095,OC
Lit_cub,up,49,1,1095,OC
Cast_mek,down,49,1,1095,OC
Lit_cub,down,49,1,1095,OC
Cast_mek,up,107,1,1095,CC
Lit_cub,up,107,1,1095,CC
Cast_mek,down,107,1,1095,CC
Lit_cub,down,107,1,1095,CC
Cast_mek,up,271,1,1095,OC
Lit_cub,up,271,1,1095,OC
Cast_mek,down,271,1,1095,OC
Lit_cub,down,271,1,1095,OC
Cast_mek,up,7,1,1095,OC
Lit_cub,up,7,1,1095,OC
Cast_mek,down,7,1,1095,OC
Lit_cub,down,7,1,1095,OC
