Station,Date,Year,SEASON,Avg_Soil_Water_Content,Hum_Avg
Mature forest,01-Feb-13,One,DRY,0.064,71.653
Mature forest,02-Feb-13,One,DRY,0.049,87.598
Mature forest,03-Feb-13,One,DRY,0.043,92.809
Mature forest,04-Feb-13,One,DRY,0.038,78.381
Mature forest,05-Feb-13,One,DRY,0.033,61.355
Mature forest,06-Feb-13,One,DRY,0.029,49.804
Mature forest,07-Feb-13,One,DRY,0.025,40.694
Mature forest,08-Feb-13,One,DRY,0.022,45.006
Mature forest,09-Feb-13,One,DRY,0.02,60.302
Mature forest,10-Feb-13,One,DRY,0.019,75.634
Mature forest,11-Feb-13,One,DRY,0.018,75.235
Mature forest,12-Feb-13,One,DRY,0.017,75.968
Mature forest,13-Feb-13,One,DRY,0.017,88.241
Mature forest,14-Feb-13,One,DRY,0.123,88.725
Mature forest,15-Feb-13,One,DRY,0.072,77.793
Mature forest,16-Feb-13,One,DRY,0.046,76.232
Mature forest,17-Feb-13,One,DRY,0.035,80.616
Mature forest,18-Feb-13,One,DRY,0.03,75.766
Mature forest,19-Feb-13,One,DRY,0.026,66.182
Mature forest,20-Feb-13,One,DRY,0.022,69.598
Mature forest,21-Feb-13,One,DRY,0.021,84.108
Mature forest,22-Feb-13,One,DRY,0.02,92.042
Mature forest,23-Feb-13,One,DRY,0.021,98.438
Mature forest,24-Feb-13,One,DRY,0.021,91.484
Mature forest,25-Feb-13,One,DRY,0.018,82.619
Mature forest,26-Feb-13,One,DRY,0.017,58.855
Mature forest,27-Feb-13,One,DRY,0.014,41.433
Mature forest,28-Feb-13,One,DRY,0.012,33.773
Mature forest,01-Mar-13,One,DRY,0.01,32.704
Mature forest,02-Mar-13,One,DRY,0.008,51.619
Mature forest,03-Mar-13,One,DRY,0.008,72.161
Mature forest,04-Mar-13,One,DRY,0.124,99.105
Mature forest,05-Mar-13,One,DRY,0.074,98.343
Mature forest,06-Mar-13,One,DRY,0.052,97.43
Mature forest,07-Mar-13,One,DRY,0.04,94.658
Mature forest,08-Mar-13,One,DRY,0.034,92.964
Mature forest,09-Mar-13,One,DRY,0.148,88.383
Mature forest,10-Mar-13,One,DRY,0.097,61.318
Mature forest,11-Mar-13,One,DRY,0.058,54.493
Mature forest,12-Mar-13,One,DRY,0.041,58.861
Mature forest,13-Mar-13,One,DRY,0.033,59.598
Mature forest,14-Mar-13,One,DRY,0.025,59.437
Mature forest,15-Mar-13,One,DRY,0.02,58.257
Mature forest,16-Mar-13,One,DRY,0.015,53.665
Mature forest,17-Mar-13,One,DRY,0.012,43.573
Mature forest,18-Mar-13,One,DRY,0.009,50.291
Mature forest,19-Mar-13,One,DRY,0.007,41.239
Mature forest,20-Mar-13,One,DRY,0.005,43.101
Mature forest,21-Mar-13,One,DRY,0.003,44.543
Mature forest,22-Mar-13,One,DRY,0.001,45.663
Mature forest,23-Mar-13,One,DRY,-0.0002,42.572
Mature forest,24-Mar-13,One,DRY,-0.002,43.54
Mature forest,25-Mar-13,One,DRY,-0.003,41.359
Mature forest,26-Mar-13,One,DRY,-0.004,44.558
Mature forest,27-Mar-13,One,DRY,-0.005,44.863
Mature forest,28-Mar-13,One,DRY,-0.006,40.885
Mature forest,29-Mar-13,One,DRY,-0.006,40.996
Mature forest,30-Mar-13,One,DRY,-0.005,51.418
Mature forest,31-Mar-13,One,DRY,-0.005,56.966
Mature forest,01-Apr-13,One,DRY,-0.005,59.052
Mature forest,02-Apr-13,One,DRY,-0.005,61.787
Mature forest,03-Apr-13,One,DRY,-0.004,44.965
Mature forest,04-Apr-13,One,DRY,-0.005,39.371
Mature forest,05-Apr-13,One,DRY,-0.005,45.788
Mature forest,06-Apr-13,One,DRY,-0.005,48.326
Mature forest,07-Apr-13,One,DRY,-0.006,33.978
Mature forest,08-Apr-13,One,DRY,-0.006,35.757
Mature forest,09-Apr-13,One,DRY,-0.006,46.566
Mature forest,10-Apr-13,One,DRY,0.046,68.662
Mature forest,11-Apr-13,One,DRY,0.032,64.151
Mature forest,12-Apr-13,One,DRY,0.013,72.684
Mature forest,13-Apr-13,One,DRY,0.005,84.632
Mature forest,14-Apr-13,One,DRY,0.002,87.868
Mature forest,15-Apr-13,One,DRY,0.017,84.524
Mature forest,16-Apr-13,One,DRY,0.168,87.662
Mature forest,17-Apr-13,One,DRY,0.098,66.592
Mature forest,18-Apr-13,One,DRY,0.058,60.096
Mature forest,19-Apr-13,One,DRY,0.037,55.136
Mature forest,20-Apr-13,One,DRY,0.025,44.102
Mature forest,21-Apr-13,One,DRY,0.017,60.07
Mature forest,22-Apr-13,One,DRY,0.013,69.951
Mature forest,23-Apr-13,One,DRY,0.036,72.81
Mature forest,24-Apr-13,One,DRY,0.126,80.84
Mature forest,25-Apr-13,One,DRY,0.066,77.944
Mature forest,26-Apr-13,One,DRY,0.154,82.082
Mature forest,27-Apr-13,One,DRY,0.094,67.345
Mature forest,28-Apr-13,One,DRY,0.178,80.537
Mature forest,29-Apr-13,One,DRY,0.199,71.07
Mature forest,30-Apr-13,One,DRY,0.144,67.578
Open land,01-Feb-13,One,DRY,0.134,74.996
Open land,02-Feb-13,One,DRY,0.126,85.753
Open land,03-Feb-13,One,DRY,0.127,87.542
Open land,04-Feb-13,One,DRY,0.127,82.194
Open land,05-Feb-13,One,DRY,0.116,69.254
Open land,06-Feb-13,One,DRY,0.105,55.623
Open land,07-Feb-13,One,DRY,0.095,48.509
Open land,08-Feb-13,One,DRY,0.086,53.226
Open land,09-Feb-13,One,DRY,0.079,67.486
Open land,10-Feb-13,One,DRY,0.074,79.894
Open land,11-Feb-13,One,DRY,0.07,77.052
Open land,12-Feb-13,One,DRY,0.066,76.368
Open land,13-Feb-13,One,DRY,0.062,86.087
Open land,14-Feb-13,One,DRY,0.13,85.315
Open land,15-Feb-13,One,DRY,0.114,76.288
Open land,16-Feb-13,One,DRY,0.101,78.989
Open land,17-Feb-13,One,DRY,0.091,82.146
Open land,18-Feb-13,One,DRY,0.083,76.155
Open land,19-Feb-13,One,DRY,0.076,69.644
Open land,20-Feb-13,One,DRY,0.068,71.915
Open land,21-Feb-13,One,DRY,0.063,82.437
Open land,22-Feb-13,One,DRY,0.06,84.654
Open land,23-Feb-13,One,DRY,0.057,88.294
Open land,24-Feb-13,One,DRY,0.056,82.209
Open land,25-Feb-13,One,DRY,0.053,82.676
Open land,26-Feb-13,One,DRY,0.049,67.121
Open land,27-Feb-13,One,DRY,0.044,52.893
Open land,28-Feb-13,One,DRY,0.038,41.433
Open land,01-Mar-13,One,DRY,0.032,43.488
Open land,02-Mar-13,One,DRY,0.031,59.462
Open land,03-Mar-13,One,DRY,0.029,73.531
Open land,04-Mar-13,One,DRY,0.121,92.744
Open land,05-Mar-13,One,DRY,0.101,88.866
Open land,06-Mar-13,One,DRY,0.092,86.605
Open land,07-Mar-13,One,DRY,0.083,86.724
Open land,08-Mar-13,One,DRY,0.083,89.336
Open land,09-Mar-13,One,DRY,0.141,84.29
Open land,10-Mar-13,One,DRY,0.117,68.61
Open land,11-Mar-13,One,DRY,0.103,60.258
Open land,12-Mar-13,One,DRY,0.092,64.58
Open land,13-Mar-13,One,DRY,0.082,63.188
Open land,14-Mar-13,One,DRY,0.074,65.869
Open land,15-Mar-13,One,DRY,0.066,67.271
Open land,16-Mar-13,One,DRY,0.059,64.079
Open land,17-Mar-13,One,DRY,0.053,53.692
Open land,18-Mar-13,One,DRY,0.046,57.94
Open land,19-Mar-13,One,DRY,0.04,46.725
Open land,20-Mar-13,One,DRY,0.035,50.129
Open land,21-Mar-13,One,DRY,0.031,50.682
Open land,22-Mar-13,One,DRY,0.027,54.337
Open land,23-Mar-13,One,DRY,0.024,49.687
Open land,24-Mar-13,One,DRY,0.021,51.986
Open land,25-Mar-13,One,DRY,0.018,49.193
Open land,26-Mar-13,One,DRY,0.015,55.377
Open land,27-Mar-13,One,DRY,0.012,53.753
Open land,28-Mar-13,One,DRY,0.009,48.997
Open land,29-Mar-13,One,DRY,0.007,51.146
Open land,30-Mar-13,One,DRY,0.005,64.051
Open land,31-Mar-13,One,DRY,0.029,73.977
Open land,01-Apr-13,One,DRY,0.058,71.718
Open land,02-Apr-13,One,DRY,0.046,69.531
Open land,03-Apr-13,One,DRY,0.036,56.177
Open land,04-Apr-13,One,DRY,0.028,48.476
Open land,05-Apr-13,One,DRY,0.021,50.707
Open land,06-Apr-13,One,DRY,0.016,55.663
Open land,07-Apr-13,One,DRY,0.011,43.749
Open land,08-Apr-13,One,DRY,0.007,43.927
Open land,09-Apr-13,One,DRY,0.005,53.296
Regenerating forest,01-Feb-13,One,DRY,0.09,87.394
Regenerating forest,02-Feb-13,One,DRY,0.081,93.074
Regenerating forest,03-Feb-13,One,DRY,0.08,99.677
Regenerating forest,04-Feb-13,One,DRY,0.077,91.828
Regenerating forest,05-Feb-13,One,DRY,0.073,74.755
Regenerating forest,06-Feb-13,One,DRY,0.068,68.935
Regenerating forest,07-Feb-13,One,DRY,0.064,64.881
Regenerating forest,08-Feb-13,One,DRY,0.059,61.657
Regenerating forest,09-Feb-13,One,DRY,0.057,74.594
Regenerating forest,10-Feb-13,One,DRY,0.056,83.675
Regenerating forest,11-Feb-13,One,DRY,0.055,84.045
Regenerating forest,12-Feb-13,One,DRY,0.054,82.687
Regenerating forest,13-Feb-13,One,DRY,0.054,90.723
Regenerating forest,14-Feb-13,One,DRY,0.092,94.395
Regenerating forest,15-Feb-13,One,DRY,0.067,89.924
Regenerating forest,16-Feb-13,One,DRY,0.061,85.17
Regenerating forest,17-Feb-13,One,DRY,0.057,86.572
Regenerating forest,18-Feb-13,One,DRY,0.055,80.989
Regenerating forest,19-Feb-13,One,DRY,0.052,75.284
Regenerating forest,20-Feb-13,One,DRY,0.051,78.152
Regenerating forest,21-Feb-13,One,DRY,0.05,83.486
Regenerating forest,22-Feb-13,One,DRY,0.049,91.311
Regenerating forest,23-Feb-13,One,DRY,0.049,93.253
Regenerating forest,24-Feb-13,One,DRY,0.049,90.901
Regenerating forest,25-Feb-13,One,DRY,0.049,85.42
Regenerating forest,26-Feb-13,One,DRY,0.048,69.973
Regenerating forest,27-Feb-13,One,DRY,0.045,51.31
Regenerating forest,28-Feb-13,One,DRY,0.043,47.736
Regenerating forest,01-Mar-13,One,DRY,0.041,46.056
Regenerating forest,02-Mar-13,One,DRY,0.04,64.978
Regenerating forest,03-Mar-13,One,DRY,0.039,76.437
Regenerating forest,04-Mar-13,One,DRY,0.129,99.46
Regenerating forest,05-Mar-13,One,DRY,0.078,99.224
Regenerating forest,06-Mar-13,One,DRY,0.072,95.638
Regenerating forest,07-Mar-13,One,DRY,0.068,94.365
Regenerating forest,08-Mar-13,One,DRY,0.066,95.736
Regenerating forest,09-Mar-13,One,DRY,0.076,94.935
Regenerating forest,10-Mar-13,One,DRY,0.068,78.519
Regenerating forest,11-Mar-13,One,DRY,0.064,67.716
Regenerating forest,12-Mar-13,One,DRY,0.06,67.896
Regenerating forest,13-Mar-13,One,DRY,0.056,65.414
Regenerating forest,14-Mar-13,One,DRY,0.052,68.676
Regenerating forest,15-Mar-13,One,DRY,0.05,69.619
Regenerating forest,16-Mar-13,One,DRY,0.048,65.364
Regenerating forest,17-Mar-13,One,DRY,0.045,54.385
Regenerating forest,18-Mar-13,One,DRY,0.043,56.489
Regenerating forest,19-Mar-13,One,DRY,0.039,53.42
Regenerating forest,20-Mar-13,One,DRY,0.037,51.59
Regenerating forest,21-Mar-13,One,DRY,0.035,51.214
Regenerating forest,22-Mar-13,One,DRY,0.034,57.093
Regenerating forest,23-Mar-13,One,DRY,0.033,51.776
Regenerating forest,24-Mar-13,One,DRY,0.032,51.559
Regenerating forest,25-Mar-13,One,DRY,0.031,51.362
Regenerating forest,26-Mar-13,One,DRY,0.03,54.11
Regenerating forest,27-Mar-13,One,DRY,0.03,55.73
Regenerating forest,28-Mar-13,One,DRY,0.029,47.332
Regenerating forest,29-Mar-13,One,DRY,0.028,49.311
Regenerating forest,30-Mar-13,One,DRY,0.028,58.45
Regenerating forest,31-Mar-13,One,DRY,0.027,68.279
Regenerating forest,01-Apr-13,One,DRY,0.027,66.181
Regenerating forest,02-Apr-13,One,DRY,0.027,65.749
Regenerating forest,03-Apr-13,One,DRY,0.026,54.628
Regenerating forest,04-Apr-13,One,DRY,0.025,49.405
Regenerating forest,05-Apr-13,One,DRY,0.025,53.069
Regenerating forest,06-Apr-13,One,DRY,0.024,55.411
Regenerating forest,07-Apr-13,One,DRY,0.023,42.272
Regenerating forest,08-Apr-13,One,DRY,0.022,44.099
Regenerating forest,09-Apr-13,One,DRY,0.022,51.725
Regenerating forest,10-Apr-13,One,DRY,0.037,77.936
Regenerating forest,11-Apr-13,One,DRY,0.029,74.353
Regenerating forest,12-Apr-13,One,DRY,0.028,73.04
Regenerating forest,13-Apr-13,One,DRY,0.028,81.857
Regenerating forest,14-Apr-13,One,DRY,0.026,89.716
Regenerating forest,15-Apr-13,One,DRY,0.028,84.825
Regenerating forest,16-Apr-13,One,DRY,0.081,93.177
Regenerating forest,17-Apr-13,One,DRY,0.053,82.127
Regenerating forest,18-Apr-13,One,DRY,0.048,66.643
Regenerating forest,19-Apr-13,One,DRY,0.044,61.007
Regenerating forest,20-Apr-13,One,DRY,0.039,48.792
Regenerating forest,21-Apr-13,One,DRY,0.035,62.191
Regenerating forest,22-Apr-13,One,DRY,0.032,74.125
Regenerating forest,23-Apr-13,One,DRY,0.031,74.855
Regenerating forest,24-Apr-13,One,DRY,0.03,81.801
Regenerating forest,25-Apr-13,One,DRY,0.03,76.35
Regenerating forest,26-Apr-13,One,DRY,0.029,92.043
Regenerating forest,27-Apr-13,One,DRY,0.03,75.8
Regenerating forest,28-Apr-13,One,DRY,0.07,87.467
Regenerating forest,29-Apr-13,One,DRY,0.098,89.543
Regenerating forest,30-Apr-13,One,DRY,0.063,74.082
Mature forest,01-Jun-12,One,WET,0.184,98.041
Mature forest,02-Jun-12,One,WET,0.197,99.76
Mature forest,03-Jun-12,One,WET,0.187,96.096
Mature forest,04-Jun-12,One,WET,0.173,95.45
Mature forest,05-Jun-12,One,WET,0.174,93.583
Mature forest,06-Jun-12,One,WET,0.192,93.481
Mature forest,07-Jun-12,One,WET,0.17,94.189
Mature forest,08-Jun-12,One,WET,0.172,97.924
Mature forest,09-Jun-12,One,WET,0.176,99.005
Mature forest,10-Jun-12,One,WET,0.21,98.04
Mature forest,11-Jun-12,One,WET,0.184,95.41
Mature forest,12-Jun-12,One,WET,0.167,93.759
Mature forest,13-Jun-12,One,WET,0.151,93.756
Mature forest,14-Jun-12,One,WET,0.143,92.514
Mature forest,15-Jun-12,One,WET,0.164,94.688
Mature forest,16-Jun-12,One,WET,0.215,100
Mature forest,17-Jun-12,One,WET,0.188,100
Mature forest,18-Jun-12,One,WET,0.185,98.053
Mature forest,19-Jun-12,One,WET,0.185,94.28
Mature forest,20-Jun-12,One,WET,0.171,95.313
Mature forest,21-Jun-12,One,WET,0.16,96.924
Mature forest,22-Jun-12,One,WET,0.162,96.745
Mature forest,23-Jun-12,One,WET,0.189,96.699
Mature forest,24-Jun-12,One,WET,0.192,97.647
Mature forest,25-Jun-12,One,WET,0.177,95.012
Mature forest,26-Jun-12,One,WET,0.159,94.981
Mature forest,27-Jun-12,One,WET,0.147,95.554
Mature forest,28-Jun-12,One,WET,0.161,97.602
Mature forest,29-Jun-12,One,WET,0.147,96.546
Mature forest,30-Jun-12,One,WET,0.133,97.03
Mature forest,01-Jul-12,One,WET,0.142,98.711
Mature forest,02-Jul-12,One,WET,0.168,98.12
Mature forest,03-Jul-12,One,WET,0.103,99.059
Mature forest,04-Jul-12,One,WET,0.087,95.571
Mature forest,05-Jul-12,One,WET,0.078,99.762
Mature forest,06-Jul-12,One,WET,0.077,98.739
Mature forest,07-Jul-12,One,WET,0.063,95.846
Mature forest,08-Jul-12,One,WET,0.068,98.904
Mature forest,09-Jul-12,One,WET,0.1,99.98
Mature forest,10-Jul-12,One,WET,0.079,97.444
Mature forest,11-Jul-12,One,WET,0.082,95.811
Mature forest,12-Jul-12,One,WET,0.099,98.293
Mature forest,13-Jul-12,One,WET,0.082,97.592
Mature forest,14-Jul-12,One,WET,0.064,99.825
Mature forest,15-Jul-12,One,WET,0.072,99.172
Mature forest,16-Jul-12,One,WET,0.085,99.752
Mature forest,17-Jul-12,One,WET,0.115,100
Mature forest,18-Jul-12,One,WET,0.1,100
Mature forest,19-Jul-12,One,WET,0.101,100
Mature forest,20-Jul-12,One,WET,0.104,99.743
Mature forest,21-Jul-12,One,WET,0.079,95.522
Mature forest,22-Jul-12,One,WET,0.069,97.027
Mature forest,23-Jul-12,One,WET,0.063,99.585
Mature forest,24-Jul-12,One,WET,0.089,99.914
Mature forest,25-Jul-12,One,WET,0.085,99.818
Mature forest,26-Jul-12,One,WET,0.157,100
Mature forest,27-Jul-12,One,WET,0.124,100
Mature forest,28-Jul-12,One,WET,0.087,100
Mature forest,29-Jul-12,One,WET,0.078,98.781
Mature forest,30-Jul-12,One,WET,0.071,97.085
Mature forest,31-Jul-12,One,WET,0.09,99.145
Mature forest,01-Aug-12,One,WET,0.075,98.367
Mature forest,02-Aug-12,One,WET,0.098,100
Mature forest,03-Aug-12,One,WET,0.121,100
Mature forest,04-Aug-12,One,WET,0.11,99.167
Mature forest,05-Aug-12,One,WET,0.103,95.963
Mature forest,06-Aug-12,One,WET,0.096,94.653
Mature forest,07-Aug-12,One,WET,0.123,97.401
Mature forest,08-Aug-12,One,WET,0.15,99.939
Mature forest,09-Aug-12,One,WET,0.137,99.805
Mature forest,10-Aug-12,One,WET,0.143,99.238
Mature forest,11-Aug-12,One,WET,0.124,98.718
Mature forest,12-Aug-12,One,WET,0.1,95.214
Mature forest,13-Aug-12,One,WET,0.08,96.192
Mature forest,14-Aug-12,One,WET,0.098,100
Mature forest,15-Aug-12,One,WET,0.107,100
Mature forest,16-Aug-12,One,WET,0.081,100
Mature forest,17-Aug-12,One,WET,0.078,98.242
Mature forest,18-Aug-12,One,WET,0.136,99.704
Mature forest,19-Aug-12,One,WET,0.136,100
Mature forest,20-Aug-12,One,WET,0.127,99.842
Mature forest,21-Aug-12,One,WET,0.117,99.581
Mature forest,22-Aug-12,One,WET,0.126,99.952
Mature forest,23-Aug-12,One,WET,0.111,100
Mature forest,24-Aug-12,One,WET,0.103,99.989
Mature forest,25-Aug-12,One,WET,0.093,99.839
Mature forest,26-Aug-12,One,WET,0.091,99.898
Mature forest,27-Aug-12,One,WET,0.088,99.821
Mature forest,28-Aug-12,One,WET,0.092,98.86
Mature forest,29-Aug-12,One,WET,0.086,97.237
Mature forest,30-Aug-12,One,WET,0.093,98.943
Mature forest,31-Aug-12,One,WET,0.091,99.853
Open land,01-Jun-12,One,WET,0.192,94.107
Open land,02-Jun-12,One,WET,0.203,97.965
Open land,03-Jun-12,One,WET,0.191,93.969
Open land,04-Jun-12,One,WET,0.181,91.595
Open land,05-Jun-12,One,WET,0.186,91.25
Open land,06-Jun-12,One,WET,0.195,89.844
Open land,07-Jun-12,One,WET,0.183,90.495
Open land,08-Jun-12,One,WET,0.193,94.639
Open land,09-Jun-12,One,WET,0.204,98.189
Open land,10-Jun-12,One,WET,0.21,97.888
Open land,11-Jun-12,One,WET,0.199,96.448
Open land,12-Jun-12,One,WET,0.19,94.847
Open land,13-Jun-12,One,WET,0.185,94.892
Open land,14-Jun-12,One,WET,0.186,93.521
Open land,15-Jun-12,One,WET,0.193,95.052
Open land,16-Jun-12,One,WET,0.21,98.849
Open land,17-Jun-12,One,WET,0.195,95.5
Open land,18-Jun-12,One,WET,0.193,95.189
Open land,19-Jun-12,One,WET,0.194,95.111
Open land,20-Jun-12,One,WET,0.194,96.594
Open land,21-Jun-12,One,WET,0.197,98.171
Open land,22-Jun-12,One,WET,0.206,99.254
Open land,23-Jun-12,One,WET,0.204,98.369
Open land,24-Jun-12,One,WET,0.212,99.156
Open land,25-Jun-12,One,WET,0.209,97.944
Open land,26-Jun-12,One,WET,0.204,97.629
Open land,27-Jun-12,One,WET,0.208,99.145
Open land,28-Jun-12,One,WET,0.207,94.771
Open land,29-Jun-12,One,WET,0.201,93.147
Open land,30-Jun-12,One,WET,0.2,95.091
Open land,01-Jul-12,One,WET,0.213,97.219
Open land,02-Jul-12,One,WET,0.222,97.509
Open land,03-Jul-12,One,WET,0.225,97.583
Open land,04-Jul-12,One,WET,0.214,95.293
Open land,05-Jul-12,One,WET,0.213,97.861
Open land,06-Jul-12,One,WET,0.209,94.781
Open land,07-Jul-12,One,WET,0.202,91.641
Open land,08-Jul-12,One,WET,0.219,98.165
Open land,09-Jul-12,One,WET,0.219,98.082
Open land,10-Jul-12,One,WET,0.221,96.726
Open land,11-Jul-12,One,WET,0.212,94.596
Open land,12-Jul-12,One,WET,0.211,93.359
Open land,13-Jul-12,One,WET,0.214,96.415
Open land,14-Jul-12,One,WET,0.225,100
Open land,15-Jul-12,One,WET,0.22,98.531
Open land,16-Jul-12,One,WET,0.225,99.93
Open land,17-Jul-12,One,WET,0.233,100
Open land,18-Jul-12,One,WET,0.234,100
Open land,19-Jul-12,One,WET,0.229,100
Open land,20-Jul-12,One,WET,0.228,97.348
Open land,21-Jul-12,One,WET,0.216,95.728
Open land,22-Jul-12,One,WET,0.215,99.605
Open land,23-Jul-12,One,WET,0.228,99.945
Open land,24-Jul-12,One,WET,0.223,94.331
Open land,25-Jul-12,One,WET,0.223,98.789
Open land,26-Jul-12,One,WET,0.251,100
Open land,27-Jul-12,One,WET,0.24,100
Open land,28-Jul-12,One,WET,0.234,100
Open land,29-Jul-12,One,WET,0.224,99.724
Open land,30-Jul-12,One,WET,0.22,98.547
Open land,31-Jul-12,One,WET,0.228,99.64
Open land,01-Aug-12,One,WET,0.225,98.419
Open land,02-Aug-12,One,WET,0.228,99.874
Open land,03-Aug-12,One,WET,0.228,100
Open land,04-Aug-12,One,WET,0.23,98.997
Open land,05-Aug-12,One,WET,0.223,95.412
Open land,06-Aug-12,One,WET,0.214,94.366
Open land,07-Aug-12,One,WET,0.219,96.713
Open land,08-Aug-12,One,WET,0.233,92.426
Open land,09-Aug-12,One,WET,0.232,93.777
Open land,10-Aug-12,One,WET,0.229,92.473
Open land,11-Aug-12,One,WET,0.228,95.728
Open land,12-Aug-12,One,WET,0.229,94.265
Open land,13-Aug-12,One,WET,0.225,94.884
Open land,14-Aug-12,One,WET,0.241,99.775
Open land,15-Aug-12,One,WET,0.238,99.437
Open land,16-Aug-12,One,WET,0.234,94.576
Open land,17-Aug-12,One,WET,0.221,91.056
Open land,18-Aug-12,One,WET,0.246,99.618
Open land,19-Aug-12,One,WET,0.246,100
Open land,20-Aug-12,One,WET,0.241,99.736
Open land,21-Aug-12,One,WET,0.228,95.438
Open land,22-Aug-12,One,WET,0.234,99.65
Open land,23-Aug-12,One,WET,0.229,96.078
Open land,24-Aug-12,One,WET,0.228,95.017
Open land,25-Aug-12,One,WET,0.222,95.556
Open land,26-Aug-12,One,WET,0.192,96.082
Open land,27-Aug-12,One,WET,NA,94.898
Open land,28-Aug-12,One,WET,NA,94.057
Open land,29-Aug-12,One,WET,NA,91.585
Open land,30-Aug-12,One,WET,NA,92.335
Open land,31-Aug-12,One,WET,0.74,96.804
Regenerating forest,01-Jun-12,One,WET,0.292,97.309
Regenerating forest,02-Jun-12,One,WET,0.295,99.675
Regenerating forest,03-Jun-12,One,WET,0.288,95.18
Regenerating forest,04-Jun-12,One,WET,0.282,94.935
Regenerating forest,05-Jun-12,One,WET,0.287,93.742
Regenerating forest,06-Jun-12,One,WET,0.291,94.926
Regenerating forest,07-Jun-12,One,WET,0.283,95.959
Regenerating forest,08-Jun-12,One,WET,0.298,98.802
Regenerating forest,09-Jun-12,One,WET,0.301,99.861
Regenerating forest,10-Jun-12,One,WET,0.307,97.416
Regenerating forest,11-Jun-12,One,WET,0.296,96.012
Regenerating forest,12-Jun-12,One,WET,0.287,93.985
Regenerating forest,13-Jun-12,One,WET,0.286,94.665
Regenerating forest,14-Jun-12,One,WET,0.293,95.13
Regenerating forest,15-Jun-12,One,WET,0.272,95.947
Regenerating forest,16-Jun-12,One,WET,0.295,100
Regenerating forest,17-Jun-12,One,WET,0.286,100
Regenerating forest,18-Jun-12,One,WET,0.283,98.329
Regenerating forest,19-Jun-12,One,WET,0.281,95.222
Regenerating forest,20-Jun-12,One,WET,0.279,96.653
Regenerating forest,21-Jun-12,One,WET,0.285,99.041
Regenerating forest,22-Jun-12,One,WET,0.291,98.581
Regenerating forest,23-Jun-12,One,WET,0.287,99.601
Regenerating forest,24-Jun-12,One,WET,0.296,99.486
Regenerating forest,25-Jun-12,One,WET,0.284,97.337
Regenerating forest,26-Jun-12,One,WET,0.279,96.714
Regenerating forest,27-Jun-12,One,WET,0.282,98.531
Regenerating forest,28-Jun-12,One,WET,0.288,98.018
Regenerating forest,29-Jun-12,One,WET,0.281,96.315
Regenerating forest,30-Jun-12,One,WET,0.277,97.438
Regenerating forest,01-Jul-12,One,WET,0.289,99.878
Regenerating forest,02-Jul-12,One,WET,0.296,98.828
Regenerating forest,03-Jul-12,One,WET,0.296,99.318
Regenerating forest,04-Jul-12,One,WET,0.289,97.695
Regenerating forest,05-Jul-12,One,WET,0.298,99.723
Regenerating forest,06-Jul-12,One,WET,0.289,98.865
Regenerating forest,07-Jul-12,One,WET,0.28,95.418
Regenerating forest,08-Jul-12,One,WET,0.295,99.789
Regenerating forest,09-Jul-12,One,WET,0.3,99.886
Regenerating forest,10-Jul-12,One,WET,0.295,98.977
Regenerating forest,11-Jul-12,One,WET,0.288,97.072
Regenerating forest,12-Jul-12,One,WET,0.296,98.831
Regenerating forest,13-Jul-12,One,WET,0.298,98.991
Regenerating forest,14-Jul-12,One,WET,0.303,100
Regenerating forest,15-Jul-12,One,WET,0.301,99.963
Regenerating forest,16-Jul-12,One,WET,0.307,100
Regenerating forest,17-Jul-12,One,WET,0.313,100
Regenerating forest,18-Jul-12,One,WET,0.31,100
Regenerating forest,19-Jul-12,One,WET,0.307,100
Regenerating forest,20-Jul-12,One,WET,0.305,99.799
Regenerating forest,21-Jul-12,One,WET,0.293,97.513
Regenerating forest,22-Jul-12,One,WET,0.297,99.97
Regenerating forest,23-Jul-12,One,WET,0.312,100
Regenerating forest,24-Jul-12,One,WET,0.302,99.891
Regenerating forest,25-Jul-12,One,WET,0.305,100
Regenerating forest,26-Jul-12,One,WET,0.331,100
Regenerating forest,27-Jul-12,One,WET,0.32,100
Regenerating forest,28-Jul-12,One,WET,0.315,100
Regenerating forest,29-Jul-12,One,WET,0.305,99.982
Regenerating forest,30-Jul-12,One,WET,0.3,99.549
Regenerating forest,31-Jul-12,One,WET,0.309,100
Regenerating forest,01-Aug-12,One,WET,0.306,99.725
Regenerating forest,02-Aug-12,One,WET,0.312,100
Regenerating forest,03-Aug-12,One,WET,0.308,100
Regenerating forest,04-Aug-12,One,WET,0.304,99.898
Regenerating forest,05-Aug-12,One,WET,0.299,97.737
Regenerating forest,06-Aug-12,One,WET,0.287,97.206
Regenerating forest,07-Aug-12,One,WET,0.295,99.086
Regenerating forest,08-Aug-12,One,WET,0.306,99.187
Regenerating forest,09-Aug-12,One,WET,0.309,100
Regenerating forest,10-Aug-12,One,WET,0.305,98.784
Regenerating forest,11-Aug-12,One,WET,0.299,97.911
Regenerating forest,12-Aug-12,One,WET,0.295,97.039
Regenerating forest,13-Aug-12,One,WET,0.295,97.393
Regenerating forest,14-Aug-12,One,WET,0.305,100
Regenerating forest,15-Aug-12,One,WET,0.303,100
Regenerating forest,16-Aug-12,One,WET,0.299,99.996
Regenerating forest,17-Aug-12,One,WET,0.293,97.59
Regenerating forest,18-Aug-12,One,WET,0.309,100
Regenerating forest,19-Aug-12,One,WET,0.304,100
Regenerating forest,20-Aug-12,One,WET,0.305,99.997
Regenerating forest,21-Aug-12,One,WET,0.297,99.984
Regenerating forest,22-Aug-12,One,WET,0.304,100
Regenerating forest,23-Aug-12,One,WET,0.302,99.996
Regenerating forest,24-Aug-12,One,WET,0.304,99.565
Regenerating forest,25-Aug-12,One,WET,0.302,99.852
Regenerating forest,26-Aug-12,One,WET,0.297,99.493
Regenerating forest,27-Aug-12,One,WET,0.302,98.782
Regenerating forest,28-Aug-12,One,WET,0.3,98.983
Regenerating forest,29-Aug-12,One,WET,0.29,96.272
Regenerating forest,30-Aug-12,One,WET,0.288,98.632
Regenerating forest,31-Aug-12,One,WET,0.281,98.206
Mature forest,01-Feb-14,Two,DRY,NA,NA
Mature forest,02-Feb-14,Two,DRY,NA,NA
Mature forest,03-Feb-14,Two,DRY,NA,NA
Mature forest,04-Feb-14,Two,DRY,NA,NA
Mature forest,05-Feb-14,Two,DRY,NA,NA
Mature forest,06-Feb-14,Two,DRY,NA,NA
Mature forest,07-Feb-14,Two,DRY,NA,NA
Mature forest,08-Feb-14,Two,DRY,NA,NA
Mature forest,09-Feb-14,Two,DRY,NA,NA
Mature forest,10-Feb-14,Two,DRY,NA,NA
Mature forest,11-Feb-14,Two,DRY,NA,NA
Mature forest,12-Feb-14,Two,DRY,NA,NA
Mature forest,13-Feb-14,Two,DRY,NA,NA
Mature forest,14-Feb-14,Two,DRY,NA,NA
Mature forest,15-Feb-14,Two,DRY,NA,NA
Mature forest,16-Feb-14,Two,DRY,NA,NA
Mature forest,17-Feb-14,Two,DRY,NA,NA
Mature forest,18-Feb-14,Two,DRY,NA,NA
Mature forest,19-Feb-14,Two,DRY,NA,NA
Mature forest,20-Feb-14,Two,DRY,NA,NA
Mature forest,21-Feb-14,Two,DRY,NA,NA
Mature forest,22-Feb-14,Two,DRY,NA,NA
Mature forest,23-Feb-14,Two,DRY,NA,NA
Mature forest,24-Feb-14,Two,DRY,NA,NA
Mature forest,25-Feb-14,Two,DRY,NA,NA
Mature forest,26-Feb-14,Two,DRY,NA,NA
Mature forest,27-Feb-14,Two,DRY,NA,NA
Mature forest,28-Feb-14,Two,DRY,NA,NA
Mature forest,01-Mar-14,Two,DRY,NA,NA
Mature forest,02-Mar-14,Two,DRY,NA,NA
Mature forest,03-Mar-14,Two,DRY,NA,NA
Mature forest,04-Mar-14,Two,DRY,NA,NA
Mature forest,05-Mar-14,Two,DRY,NA,NA
Mature forest,06-Mar-14,Two,DRY,NA,NA
Mature forest,07-Mar-14,Two,DRY,-0.053,74.335
Mature forest,08-Mar-14,Two,DRY,-0.052,78.163
Mature forest,09-Mar-14,Two,DRY,-0.053,78.338
Mature forest,10-Mar-14,Two,DRY,-0.054,83.466
Mature forest,11-Mar-14,Two,DRY,-0.055,83.053
Mature forest,12-Mar-14,Two,DRY,-0.056,76.39
Mature forest,13-Mar-14,Two,DRY,-0.056,74.684
Mature forest,14-Mar-14,Two,DRY,-0.057,78.776
Mature forest,15-Mar-14,Two,DRY,-0.057,82.102
Mature forest,16-Mar-14,Two,DRY,-0.058,80.401
Mature forest,17-Mar-14,Two,DRY,-0.059,82.359
Mature forest,18-Mar-14,Two,DRY,-0.059,73.29
Mature forest,19-Mar-14,Two,DRY,-0.059,70.567
Mature forest,20-Mar-14,Two,DRY,-0.06,77.53
Mature forest,21-Mar-14,Two,DRY,-0.06,83.84
Mature forest,22-Mar-14,Two,DRY,-0.062,99.188
Mature forest,23-Mar-14,Two,DRY,-0.021,99.821
Mature forest,24-Mar-14,Two,DRY,0.039,97.93
Mature forest,25-Mar-14,Two,DRY,0.005,93.227
Mature forest,26-Mar-14,Two,DRY,-0.014,88.043
Mature forest,27-Mar-14,Two,DRY,-0.024,82.446
Mature forest,28-Mar-14,Two,DRY,-0.031,80.792
Mature forest,29-Mar-14,Two,DRY,-0.037,79.732
Mature forest,30-Mar-14,Two,DRY,-0.041,81.17
Mature forest,31-Mar-14,Two,DRY,-0.045,80.827
Mature forest,01-Apr-14,Two,DRY,-0.047,81.613
Mature forest,02-Apr-14,Two,DRY,-0.049,77.118
Mature forest,03-Apr-14,Two,DRY,-0.05,80.026
Mature forest,04-Apr-14,Two,DRY,-0.046,89.076
Mature forest,05-Apr-14,Two,DRY,0.035,95.177
Mature forest,06-Apr-14,Two,DRY,-0.009,91.299
Mature forest,07-Apr-14,Two,DRY,-0.025,90.775
Mature forest,08-Apr-14,Two,DRY,-0.037,90.843
Mature forest,09-Apr-14,Two,DRY,-0.044,89.723
Mature forest,10-Apr-14,Two,DRY,-0.047,85.629
Mature forest,11-Apr-14,Two,DRY,-0.05,88.316
Mature forest,12-Apr-14,Two,DRY,-0.051,83.866
Mature forest,13-Apr-14,Two,DRY,-0.053,79.413
Mature forest,14-Apr-14,Two,DRY,-0.054,84.319
Mature forest,15-Apr-14,Two,DRY,-0.056,80.165
Mature forest,16-Apr-14,Two,DRY,-0.056,76.672
Mature forest,17-Apr-14,Two,DRY,-0.057,93.069
Mature forest,18-Apr-14,Two,DRY,-0.058,80.09
Mature forest,19-Apr-14,Two,DRY,-0.059,79.07
Mature forest,20-Apr-14,Two,DRY,-0.06,80.748
Mature forest,21-Apr-14,Two,DRY,-0.062,84.207
Mature forest,22-Apr-14,Two,DRY,-0.063,80.334
Mature forest,23-Apr-14,Two,DRY,-0.061,83.691
Mature forest,24-Apr-14,Two,DRY,-0.06,85.67
Mature forest,25-Apr-14,Two,DRY,-0.063,86.189
Mature forest,26-Apr-14,Two,DRY,-0.064,90.612
Mature forest,27-Apr-14,Two,DRY,-0.063,83.644
Mature forest,28-Apr-14,Two,DRY,-0.064,93.004
Mature forest,29-Apr-14,Two,DRY,-0.064,96.336
Mature forest,30-Apr-14,Two,DRY,-0.065,93.132
Open land,01-Feb-14,Two,DRY,0.049,45.168
Open land,02-Feb-14,Two,DRY,0.044,40.512
Open land,03-Feb-14,Two,DRY,0.04,39.659
Open land,04-Feb-14,Two,DRY,0.036,48.851
Open land,05-Feb-14,Two,DRY,0.033,53.652
Open land,06-Feb-14,Two,DRY,0.029,58.643
Open land,07-Feb-14,Two,DRY,0.028,62.879
Open land,08-Feb-14,Two,DRY,0.025,61.367
Open land,09-Feb-14,Two,DRY,0.023,54.809
Open land,10-Feb-14,Two,DRY,0.021,57.034
Open land,11-Feb-14,Two,DRY,0.019,60.31
Open land,12-Feb-14,Two,DRY,0.016,60.243
Open land,13-Feb-14,Two,DRY,0.014,63.296
Open land,14-Feb-14,Two,DRY,0.012,60.034
Open land,15-Feb-14,Two,DRY,0.009,61.327
Open land,16-Feb-14,Two,DRY,0.007,58.101
Open land,17-Feb-14,Two,DRY,0.004,64.296
Open land,18-Feb-14,Two,DRY,0.003,67.49
Open land,19-Feb-14,Two,DRY,0.005,72.65
Open land,20-Feb-14,Two,DRY,0.007,78.712
Open land,21-Feb-14,Two,DRY,0.006,81.19
Open land,22-Feb-14,Two,DRY,0.005,70.938
Open land,23-Feb-14,Two,DRY,0.003,63.131
Open land,24-Feb-14,Two,DRY,-0.0008,54.659
Open land,25-Feb-14,Two,DRY,-0.003,52.945
Open land,26-Feb-14,Two,DRY,-0.005,53.905
Open land,27-Feb-14,Two,DRY,-0.007,50.384
Open land,28-Feb-14,Two,DRY,-0.01,43.172
Open land,01-Mar-14,Two,DRY,-0.012,43.016
Open land,02-Mar-14,Two,DRY,-0.01,38.845
Open land,03-Mar-14,Two,DRY,0.0009,44.688
Open land,04-Mar-14,Two,DRY,0.002,49.623
Open land,05-Mar-14,Two,DRY,0.002,45.402
Open land,06-Mar-14,Two,DRY,0.0004,43.924
Open land,07-Mar-14,Two,DRY,-0.0008,44.277
Open land,08-Mar-14,Two,DRY,-0.002,47.782
Open land,09-Mar-14,Two,DRY,-0.003,50.722
Open land,10-Mar-14,Two,DRY,-0.003,58.178
Open land,11-Mar-14,Two,DRY,-0.004,55.836
Open land,12-Mar-14,Two,DRY,-0.004,46.752
Open land,13-Mar-14,Two,DRY,-0.005,45.843
Open land,14-Mar-14,Two,DRY,-0.005,46.151
Open land,15-Mar-14,Two,DRY,-0.005,50.12
Open land,16-Mar-14,Two,DRY,-0.006,56.661
Open land,17-Mar-14,Two,DRY,-0.007,53.659
Open land,18-Mar-14,Two,DRY,-0.007,35.384
Open land,19-Mar-14,Two,DRY,-0.009,35.556
Open land,20-Mar-14,Two,DRY,-0.009,43.044
Open land,21-Mar-14,Two,DRY,-0.108,50.761
Open land,22-Mar-14,Two,DRY,NA,NA
Open land,23-Mar-14,Two,DRY,NA,NA
Open land,24-Mar-14,Two,DRY,NA,NA
Open land,25-Mar-14,Two,DRY,NA,NA
Open land,26-Mar-14,Two,DRY,NA,NA
Open land,27-Mar-14,Two,DRY,NA,NA
Open land,28-Mar-14,Two,DRY,NA,NA
Open land,29-Mar-14,Two,DRY,NA,NA
Open land,30-Mar-14,Two,DRY,NA,NA
Open land,31-Mar-14,Two,DRY,NA,NA
Open land,01-Apr-14,Two,DRY,NA,NA
Open land,02-Apr-14,Two,DRY,NA,NA
Open land,03-Apr-14,Two,DRY,NA,NA
Open land,04-Apr-14,Two,DRY,NA,NA
Open land,05-Apr-14,Two,DRY,NA,NA
Open land,06-Apr-14,Two,DRY,NA,NA
Open land,07-Apr-14,Two,DRY,0.135,57.58
Open land,08-Apr-14,Two,DRY,0.119,66.835
Open land,09-Apr-14,Two,DRY,0.107,68.178
Open land,10-Apr-14,Two,DRY,0.11,61.963
Open land,11-Apr-14,Two,DRY,0.113,63.335
Open land,12-Apr-14,Two,DRY,0.111,55.919
Open land,13-Apr-14,Two,DRY,0.104,55.015
Open land,14-Apr-14,Two,DRY,0.1,67.528
Open land,15-Apr-14,Two,DRY,0.094,45.356
Open land,16-Apr-14,Two,DRY,0.089,54.798
Open land,17-Apr-14,Two,DRY,0.08,58.296
Open land,18-Apr-14,Two,DRY,0.072,56.167
Open land,19-Apr-14,Two,DRY,0.063,53.107
Open land,20-Apr-14,Two,DRY,0.053,56.369
Open land,21-Apr-14,Two,DRY,0.045,65.625
Open land,22-Apr-14,Two,DRY,0.045,66.811
Open land,23-Apr-14,Two,DRY,0.069,65.614
Open land,24-Apr-14,Two,DRY,0.121,63.498
Open land,25-Apr-14,Two,DRY,0.106,68.028
Open land,26-Apr-14,Two,DRY,0.117,61.439
Open land,27-Apr-14,Two,DRY,0.104,62.345
Open land,28-Apr-14,Two,DRY,0.101,76.914
Open land,29-Apr-14,Two,DRY,0.128,84.696
Open land,30-Apr-14,Two,DRY,0.154,76.604
Regenerating forest,01-Feb-14,Two,DRY,0.082,43.159
Regenerating forest,02-Feb-14,Two,DRY,0.08,39.14
Regenerating forest,03-Feb-14,Two,DRY,0.081,38.248
Regenerating forest,04-Feb-14,Two,DRY,0.077,46.687
Regenerating forest,05-Feb-14,Two,DRY,0.074,51.875
Regenerating forest,06-Feb-14,Two,DRY,0.072,57.379
Regenerating forest,07-Feb-14,Two,DRY,0.069,61.705
Regenerating forest,08-Feb-14,Two,DRY,0.067,60.534
Regenerating forest,09-Feb-14,Two,DRY,0.065,54.443
Regenerating forest,10-Feb-14,Two,DRY,0.063,56.543
Regenerating forest,11-Feb-14,Two,DRY,0.061,59.783
Regenerating forest,12-Feb-14,Two,DRY,0.058,60.201
Regenerating forest,13-Feb-14,Two,DRY,0.056,62.535
Regenerating forest,14-Feb-14,Two,DRY,0.054,59.801
Regenerating forest,15-Feb-14,Two,DRY,0.052,61.028
Regenerating forest,16-Feb-14,Two,DRY,0.05,57.83
Regenerating forest,17-Feb-14,Two,DRY,0.047,64.442
Regenerating forest,18-Feb-14,Two,DRY,0.045,67.32
Regenerating forest,19-Feb-14,Two,DRY,0.045,71.658
Regenerating forest,20-Feb-14,Two,DRY,0.044,78.167
Regenerating forest,21-Feb-14,Two,DRY,0.045,80.311
Regenerating forest,22-Feb-14,Two,DRY,0.046,69.486
Regenerating forest,23-Feb-14,Two,DRY,0.044,61.78
Regenerating forest,24-Feb-14,Two,DRY,0.041,53.486
Regenerating forest,25-Feb-14,Two,DRY,0.04,51.807
Regenerating forest,26-Feb-14,Two,DRY,0.04,53.783
Regenerating forest,27-Feb-14,Two,DRY,0.037,49.256
Regenerating forest,28-Feb-14,Two,DRY,0.036,43.621
Regenerating forest,01-Mar-14,Two,DRY,NA,NA
Regenerating forest,02-Mar-14,Two,DRY,NA,NA
Regenerating forest,03-Mar-14,Two,DRY,NA,NA
Regenerating forest,04-Mar-14,Two,DRY,NA,NA
Regenerating forest,05-Mar-14,Two,DRY,NA,NA
Regenerating forest,06-Mar-14,Two,DRY,NA,NA
Regenerating forest,07-Mar-14,Two,DRY,NA,NA
Regenerating forest,08-Mar-14,Two,DRY,NA,NA
Regenerating forest,09-Mar-14,Two,DRY,NA,NA
Regenerating forest,10-Mar-14,Two,DRY,NA,NA
Regenerating forest,11-Mar-14,Two,DRY,NA,NA
Regenerating forest,12-Mar-14,Two,DRY,NA,NA
Regenerating forest,13-Mar-14,Two,DRY,NA,NA
Regenerating forest,14-Mar-14,Two,DRY,NA,NA
Regenerating forest,15-Mar-14,Two,DRY,NA,NA
Regenerating forest,16-Mar-14,Two,DRY,NA,NA
Regenerating forest,17-Mar-14,Two,DRY,NA,NA
Regenerating forest,18-Mar-14,Two,DRY,NA,NA
Regenerating forest,19-Mar-14,Two,DRY,NA,NA
Regenerating forest,20-Mar-14,Two,DRY,NA,NA
Regenerating forest,21-Mar-14,Two,DRY,NA,NA
Regenerating forest,22-Mar-14,Two,DRY,NA,NA
Regenerating forest,23-Mar-14,Two,DRY,NA,NA
Regenerating forest,24-Mar-14,Two,DRY,NA,NA
Regenerating forest,25-Mar-14,Two,DRY,NA,NA
Regenerating forest,26-Mar-14,Two,DRY,NA,NA
Regenerating forest,27-Mar-14,Two,DRY,NA,NA
Regenerating forest,28-Mar-14,Two,DRY,NA,NA
Regenerating forest,29-Mar-14,Two,DRY,NA,NA
Regenerating forest,30-Mar-14,Two,DRY,NA,NA
Regenerating forest,31-Mar-14,Two,DRY,NA,NA
Regenerating forest,01-Apr-14,Two,DRY,NA,NA
Regenerating forest,02-Apr-14,Two,DRY,NA,NA
Regenerating forest,03-Apr-14,Two,DRY,NA,NA
Regenerating forest,04-Apr-14,Two,DRY,NA,NA
Regenerating forest,05-Apr-14,Two,DRY,NA,NA
Regenerating forest,06-Apr-14,Two,DRY,NA,NA
Regenerating forest,07-Apr-14,Two,DRY,NA,NA
Regenerating forest,08-Apr-14,Two,DRY,NA,NA
Regenerating forest,09-Apr-14,Two,DRY,NA,NA
Regenerating forest,10-Apr-14,Two,DRY,NA,NA
Regenerating forest,11-Apr-14,Two,DRY,NA,NA
Regenerating forest,12-Apr-14,Two,DRY,NA,NA
Regenerating forest,13-Apr-14,Two,DRY,NA,NA
Regenerating forest,14-Apr-14,Two,DRY,NA,NA
Regenerating forest,15-Apr-14,Two,DRY,NA,NA
Regenerating forest,16-Apr-14,Two,DRY,NA,NA
Regenerating forest,17-Apr-14,Two,DRY,NA,NA
Regenerating forest,18-Apr-14,Two,DRY,NA,NA
Regenerating forest,19-Apr-14,Two,DRY,NA,NA
Regenerating forest,20-Apr-14,Two,DRY,NA,NA
Regenerating forest,21-Apr-14,Two,DRY,0.095,61.458
Regenerating forest,22-Apr-14,Two,DRY,0.099,68.176
Regenerating forest,23-Apr-14,Two,DRY,0.111,66.872
Regenerating forest,24-Apr-14,Two,DRY,0.144,64.844
Regenerating forest,25-Apr-14,Two,DRY,0.144,69.072
Regenerating forest,26-Apr-14,Two,DRY,0.151,61.602
Regenerating forest,27-Apr-14,Two,DRY,0.141,63.293
Regenerating forest,28-Apr-14,Two,DRY,0.135,75.506
Regenerating forest,29-Apr-14,Two,DRY,0.145,85.415
Regenerating forest,30-Apr-14,Two,DRY,0.152,76.86
Mature forest,01-Jun-14,Two,WET,0.025,95.595
Mature forest,02-Jun-14,Two,WET,0.008,95.909
Mature forest,03-Jun-14,Two,WET,-0.004,93.249
Mature forest,04-Jun-14,Two,WET,-0.015,92.221
Mature forest,05-Jun-14,Two,WET,-0.022,96.538
Mature forest,06-Jun-14,Two,WET,-0.024,98.265
Mature forest,07-Jun-14,Two,WET,-0.027,99.346
Mature forest,08-Jun-14,Two,WET,-0.022,99.989
Mature forest,09-Jun-14,Two,WET,0.004,100
Mature forest,10-Jun-14,Two,WET,0.008,100
Mature forest,11-Jun-14,Two,WET,0.011,99.678
Mature forest,12-Jun-14,Two,WET,0.093,100
Mature forest,13-Jun-14,Two,WET,0.132,100
Mature forest,14-Jun-14,Two,WET,0.133,100
Mature forest,15-Jun-14,Two,WET,0.1,100
Mature forest,16-Jun-14,Two,WET,0.082,99.901
Mature forest,17-Jun-14,Two,WET,0.066,99.636
Mature forest,18-Jun-14,Two,WET,0.056,99.959
Mature forest,19-Jun-14,Two,WET,0.064,100
Mature forest,20-Jun-14,Two,WET,0.057,99.933
Mature forest,21-Jun-14,Two,WET,0.045,99.592
Mature forest,22-Jun-14,Two,WET,0.035,98.98
Mature forest,23-Jun-14,Two,WET,0.027,98.771
Mature forest,24-Jun-14,Two,WET,0.021,99.924
Mature forest,25-Jun-14,Two,WET,0.018,99.552
Mature forest,26-Jun-14,Two,WET,0.014,99.821
Mature forest,27-Jun-14,Two,WET,0.01,97.87
Mature forest,28-Jun-14,Two,WET,0.006,97.799
Mature forest,29-Jun-14,Two,WET,0.003,99.998
Mature forest,30-Jun-14,Two,WET,0.06,100
Mature forest,01-Jul-14,Two,WET,0.076,100
Mature forest,02-Jul-14,Two,WET,0.058,100
Mature forest,03-Jul-14,Two,WET,0.071,100
Mature forest,04-Jul-14,Two,WET,0.137,100
Mature forest,05-Jul-14,Two,WET,0.099,100
Mature forest,06-Jul-14,Two,WET,0.076,100
Mature forest,07-Jul-14,Two,WET,0.12,100
Mature forest,08-Jul-14,Two,WET,0.093,100
Mature forest,09-Jul-14,Two,WET,0.098,100
Mature forest,10-Jul-14,Two,WET,0.088,100
Mature forest,11-Jul-14,Two,WET,0.085,100
Mature forest,12-Jul-14,Two,WET,0.122,100
Mature forest,13-Jul-14,Two,WET,0.097,100
Mature forest,14-Jul-14,Two,WET,0.094,99.956
Mature forest,15-Jul-14,Two,WET,0.104,99.995
Mature forest,16-Jul-14,Two,WET,0.099,100
Mature forest,17-Jul-14,Two,WET,0.094,100
Mature forest,18-Jul-14,Two,WET,0.086,100
Mature forest,19-Jul-14,Two,WET,0.123,100
Mature forest,20-Jul-14,Two,WET,0.103,100
Mature forest,21-Jul-14,Two,WET,0.127,100
Mature forest,22-Jul-14,Two,WET,0.117,100
Mature forest,23-Jul-14,Two,WET,0.089,100
Mature forest,24-Jul-14,Two,WET,0.116,100
Mature forest,25-Jul-14,Two,WET,0.112,100
Mature forest,26-Jul-14,Two,WET,0.099,100
Mature forest,27-Jul-14,Two,WET,0.111,100
Mature forest,28-Jul-14,Two,WET,0.099,100
Mature forest,29-Jul-14,Two,WET,0.096,100
Mature forest,30-Jul-14,Two,WET,0.099,100
Mature forest,31-Jul-14,Two,WET,0.093,100
Mature forest,01-Aug-14,Two,WET,0.094,100
Mature forest,02-Aug-14,Two,WET,0.102,100
Mature forest,03-Aug-14,Two,WET,0.11,100
Mature forest,04-Aug-14,Two,WET,0.113,100
Mature forest,05-Aug-14,Two,WET,0.084,100
Mature forest,06-Aug-14,Two,WET,0.085,100
Mature forest,07-Aug-14,Two,WET,0.099,100
Mature forest,08-Aug-14,Two,WET,0.108,100
Mature forest,09-Aug-14,Two,WET,0.09,100
Mature forest,10-Aug-14,Two,WET,0.115,100
Mature forest,11-Aug-14,Two,WET,0.106,100
Mature forest,12-Aug-14,Two,WET,0.09,100
Mature forest,13-Aug-14,Two,WET,0.095,100
Mature forest,14-Aug-14,Two,WET,0.109,100
Mature forest,15-Aug-14,Two,WET,0.1,100
Mature forest,16-Aug-14,Two,WET,0.106,100
Mature forest,17-Aug-14,Two,WET,0.083,100
Mature forest,18-Aug-14,Two,WET,0.072,100
Mature forest,19-Aug-14,Two,WET,0.081,100
Mature forest,20-Aug-14,Two,WET,0.095,100
Mature forest,21-Aug-14,Two,WET,0.093,100
Mature forest,22-Aug-14,Two,WET,0.076,100
Mature forest,23-Aug-14,Two,WET,0.066,100
Mature forest,24-Aug-14,Two,WET,0.06,100
Mature forest,25-Aug-14,Two,WET,0.075,100
Mature forest,26-Aug-14,Two,WET,0.091,100
Mature forest,27-Aug-14,Two,WET,0.09,100
Mature forest,28-Aug-14,Two,WET,0.074,99.717
Mature forest,29-Aug-14,Two,WET,0.093,100
Mature forest,30-Aug-14,Two,WET,0.085,100
Mature forest,31-Aug-14,Two,WET,0.088,99.994
Open land,01-Jun-14,Two,WET,0.122,72.93
Open land,02-Jun-14,Two,WET,0.12,71.627
Open land,03-Jun-14,Two,WET,0.123,69.187
Open land,04-Jun-14,Two,WET,0.121,67.553
Open land,05-Jun-14,Two,WET,0.13,76.851
Open land,06-Jun-14,Two,WET,0.151,75.579
Open land,07-Jun-14,Two,WET,0.145,76.125
Open land,08-Jun-14,Two,WET,0.147,82.741
Open land,09-Jun-14,Two,WET,0.159,78.779
Open land,10-Jun-14,Two,WET,0.165,76.196
Open land,11-Jun-14,Two,WET,0.161,78.758
Open land,12-Jun-14,Two,WET,0.171,81.844
Open land,13-Jun-14,Two,WET,0.173,81.73
Open land,14-Jun-14,Two,WET,0.18,84.041
Open land,15-Jun-14,Two,WET,0.17,80.788
Open land,16-Jun-14,Two,WET,0.167,79.694
Open land,17-Jun-14,Two,WET,0.161,77.34
Open land,18-Jun-14,Two,WET,0.164,81.775
Open land,19-Jun-14,Two,WET,0.172,78.021
Open land,20-Jun-14,Two,WET,0.178,74.986
Open land,21-Jun-14,Two,WET,0.193,72.665
Open land,22-Jun-14,Two,WET,0.191,71.263
Open land,23-Jun-14,Two,WET,0.219,71.826
Open land,24-Jun-14,Two,WET,0.218,79.1
Open land,25-Jun-14,Two,WET,0.213,77.621
Open land,26-Jun-14,Two,WET,0.216,77.421
Open land,27-Jun-14,Two,WET,0.207,71.132
Open land,28-Jun-14,Two,WET,0.197,68.335
Open land,29-Jun-14,Two,WET,0.206,78.798
Open land,30-Jun-14,Two,WET,0.239,82.876
Open land,01-Jul-14,Two,WET,0.221,77.205
Open land,02-Jul-14,Two,WET,0.213,79.392
Open land,03-Jul-14,Two,WET,0.211,79.223
Open land,04-Jul-14,Two,WET,0.232,76.557
Open land,05-Jul-14,Two,WET,0.216,75
Open land,06-Jul-14,Two,WET,0.211,77.006
Open land,07-Jul-14,Two,WET,0.237,79.7
Open land,08-Jul-14,Two,WET,0.237,83.246
Open land,09-Jul-14,Two,WET,0.235,80.028
Open land,10-Jul-14,Two,WET,0.233,75.232
Open land,11-Jul-14,Two,WET,0.228,75.299
Open land,12-Jul-14,Two,WET,0.234,81.801
Open land,13-Jul-14,Two,WET,0.23,77.404
Open land,14-Jul-14,Two,WET,0.235,78.265
Open land,15-Jul-14,Two,WET,0.232,77.784
Open land,16-Jul-14,Two,WET,0.219,78.457
Open land,17-Jul-14,Two,WET,0.219,76.379
Open land,18-Jul-14,Two,WET,0.228,80.752
Open land,19-Jul-14,Two,WET,0.246,81.394
Open land,20-Jul-14,Two,WET,0.237,81.349
Open land,21-Jul-14,Two,WET,0.25,83.543
Open land,22-Jul-14,Two,WET,0.245,81.59
Open land,23-Jul-14,Two,WET,0.237,80.135
Open land,24-Jul-14,Two,WET,0.239,76.679
Open land,25-Jul-14,Two,WET,0.239,80.443
Open land,26-Jul-14,Two,WET,0.237,77.814
Open land,27-Jul-14,Two,WET,0.244,82.104
Open land,28-Jul-14,Two,WET,0.243,80.927
Open land,29-Jul-14,Two,WET,0.232,76.083
Open land,30-Jul-14,Two,WET,0.249,80.326
Open land,31-Jul-14,Two,WET,0.232,78.208
Open land,01-Aug-14,Two,WET,0.231,74.015
Open land,02-Aug-14,Two,WET,0.25,80.645
Open land,03-Aug-14,Two,WET,0.254,81.072
Open land,04-Aug-14,Two,WET,0.248,79.306
Open land,05-Aug-14,Two,WET,0.238,77.006
Open land,06-Aug-14,Two,WET,0.242,80.096
Open land,07-Aug-14,Two,WET,0.243,81.075
Open land,08-Aug-14,Two,WET,0.249,78.98
Open land,09-Aug-14,Two,WET,0.238,78.652
Open land,10-Aug-14,Two,WET,0.247,81.643
Open land,11-Aug-14,Two,WET,0.244,80.256
Open land,12-Aug-14,Two,WET,0.235,78.593
Open land,13-Aug-14,Two,WET,0.245,83.632
Open land,14-Aug-14,Two,WET,0.245,83.919
Open land,15-Aug-14,Two,WET,0.242,83.093
Open land,16-Aug-14,Two,WET,0.249,82.103
Open land,17-Aug-14,Two,WET,0.238,78.624
Open land,18-Aug-14,Two,WET,0.235,78.401
Open land,19-Aug-14,Two,WET,0.244,81.889
Open land,20-Aug-14,Two,WET,0.245,82.875
Open land,21-Aug-14,Two,WET,0.252,79.89
Open land,22-Aug-14,Two,WET,0.244,77.636
Open land,23-Aug-14,Two,WET,0.229,77.494
Open land,24-Aug-14,Two,WET,0.234,76.865
Open land,25-Aug-14,Two,WET,0.244,79.374
Open land,26-Aug-14,Two,WET,0.246,79.333
Open land,27-Aug-14,Two,WET,0.243,77.017
Open land,28-Aug-14,Two,WET,0.233,74.331
Open land,29-Aug-14,Two,WET,0.243,81.838
Open land,30-Aug-14,Two,WET,0.239,80.101
Open land,31-Aug-14,Two,WET,0.243,76.076
Regenerating forest,01-Jun-14,Two,WET,0.172,79.855
Regenerating forest,02-Jun-14,Two,WET,0.17,80.347
Regenerating forest,03-Jun-14,Two,WET,0.176,77.216
Regenerating forest,04-Jun-14,Two,WET,0.175,74.683
Regenerating forest,05-Jun-14,Two,WET,0.184,85.595
Regenerating forest,06-Jun-14,Two,WET,0.193,84.077
Regenerating forest,07-Jun-14,Two,WET,0.188,84.728
Regenerating forest,08-Jun-14,Two,WET,0.187,91.515
Regenerating forest,09-Jun-14,Two,WET,0.198,89.898
Regenerating forest,10-Jun-14,Two,WET,0.205,87.931
Regenerating forest,11-Jun-14,Two,WET,0.199,88.564
Regenerating forest,12-Jun-14,Two,WET,0.213,93.956
Regenerating forest,13-Jun-14,Two,WET,0.215,93.727
Regenerating forest,14-Jun-14,Two,WET,0.225,96.482
Regenerating forest,15-Jun-14,Two,WET,0.204,90.748
Regenerating forest,16-Jun-14,Two,WET,0.198,89.976
Regenerating forest,17-Jun-14,Two,WET,0.194,86.428
Regenerating forest,18-Jun-14,Two,WET,0.199,93.388
Regenerating forest,19-Jun-14,Two,WET,0.206,89.563
Regenerating forest,20-Jun-14,Two,WET,0.194,85.573
Regenerating forest,21-Jun-14,Two,WET,0.187,83.43
Regenerating forest,22-Jun-14,Two,WET,0.186,82.248
Regenerating forest,23-Jun-14,Two,WET,0.204,83.468
Regenerating forest,24-Jun-14,Two,WET,0.199,90.414
Regenerating forest,25-Jun-14,Two,WET,0.196,87.053
Regenerating forest,26-Jun-14,Two,WET,0.201,88.368
Regenerating forest,27-Jun-14,Two,WET,0.193,81.893
Regenerating forest,28-Jun-14,Two,WET,0.186,79.319
Regenerating forest,29-Jun-14,Two,WET,0.189,90.661
Regenerating forest,30-Jun-14,Two,WET,0.224,96.508
Regenerating forest,01-Jul-14,Two,WET,0.202,88.642
Regenerating forest,02-Jul-14,Two,WET,0.195,89.671
Regenerating forest,03-Jul-14,Two,WET,0.194,90.754
Regenerating forest,04-Jul-14,Two,WET,0.215,88.071
Regenerating forest,05-Jul-14,Two,WET,0.198,85.268
Regenerating forest,06-Jul-14,Two,WET,0.194,88.829
Regenerating forest,07-Jul-14,Two,WET,0.221,91.554
Regenerating forest,08-Jul-14,Two,WET,0.219,97.164
Regenerating forest,09-Jul-14,Two,WET,0.215,93.089
Regenerating forest,10-Jul-14,Two,WET,0.21,84.716
Regenerating forest,11-Jul-14,Two,WET,0.21,86.365
Regenerating forest,12-Jul-14,Two,WET,0.217,95.014
Regenerating forest,13-Jul-14,Two,WET,0.211,89.113
Regenerating forest,14-Jul-14,Two,WET,0.217,88.489
Regenerating forest,15-Jul-14,Two,WET,0.213,89.514
Regenerating forest,16-Jul-14,Two,WET,0.2,89.178
Regenerating forest,17-Jul-14,Two,WET,0.198,88.475
Regenerating forest,18-Jul-14,Two,WET,0.207,94.323
Regenerating forest,19-Jul-14,Two,WET,0.233,97.103
Regenerating forest,20-Jul-14,Two,WET,0.222,95.578
Regenerating forest,21-Jul-14,Two,WET,0.236,98.203
Regenerating forest,22-Jul-14,Two,WET,0.232,95.869
Regenerating forest,23-Jul-14,Two,WET,0.227,94.587
Regenerating forest,24-Jul-14,Two,WET,0.233,89.912
Regenerating forest,25-Jul-14,Two,WET,0.237,94.814
Regenerating forest,26-Jul-14,Two,WET,0.233,91.247
Regenerating forest,27-Jul-14,Two,WET,0.239,96.968
Regenerating forest,28-Jul-14,Two,WET,0.239,95.825
Regenerating forest,29-Jul-14,Two,WET,0.23,89.807
Regenerating forest,30-Jul-14,Two,WET,0.244,95.987
Regenerating forest,31-Jul-14,Two,WET,0.229,89.824
Regenerating forest,01-Aug-14,Two,WET,0.228,86.374
Regenerating forest,02-Aug-14,Two,WET,0.245,94.216
Regenerating forest,03-Aug-14,Two,WET,0.25,95.829
Regenerating forest,04-Aug-14,Two,WET,0.247,93.29
Regenerating forest,05-Aug-14,Two,WET,0.236,90.17
Regenerating forest,06-Aug-14,Two,WET,0.236,94.631
Regenerating forest,07-Aug-14,Two,WET,0.241,94.586
Regenerating forest,08-Aug-14,Two,WET,0.246,93.004
Regenerating forest,09-Aug-14,Two,WET,0.237,91.035
Regenerating forest,10-Aug-14,Two,WET,0.246,95.334
Regenerating forest,11-Aug-14,Two,WET,0.241,93.764
Regenerating forest,12-Aug-14,Two,WET,0.234,90.86
Regenerating forest,13-Aug-14,Two,WET,0.243,97.506
Regenerating forest,14-Aug-14,Two,WET,0.24,98.139
Regenerating forest,15-Aug-14,Two,WET,0.237,96.167
Regenerating forest,16-Aug-14,Two,WET,0.246,95.251
Regenerating forest,17-Aug-14,Two,WET,0.242,90.245
Regenerating forest,18-Aug-14,Two,WET,0.24,89.768
Regenerating forest,19-Aug-14,Two,WET,0.247,94.681
Regenerating forest,20-Aug-14,Two,WET,0.25,97.227
Regenerating forest,21-Aug-14,Two,WET,0.254,91.466
Regenerating forest,22-Aug-14,Two,WET,0.248,87.699
Regenerating forest,23-Aug-14,Two,WET,0.239,86.624
Regenerating forest,24-Aug-14,Two,WET,0.245,89.021
Regenerating forest,25-Aug-14,Two,WET,0.252,92.183
Regenerating forest,26-Aug-14,Two,WET,0.255,93.369
Regenerating forest,27-Aug-14,Two,WET,0.25,90.973
Regenerating forest,28-Aug-14,Two,WET,0.236,85.6
Regenerating forest,29-Aug-14,Two,WET,0.249,94.814
Regenerating forest,30-Aug-14,Two,WET,0.247,91.779
Regenerating forest,31-Aug-14,Two,WET,0.25,86.984
