SN,Station,Date,Year,SEASON,Temp_Max,Temp_Min,Temp_Avg
1,Mature forest,01-Feb-13,One,DRY,17.296,10.59,13.407
2,Mature forest,02-Feb-13,One,DRY,16.868,11.759,13.551
3,Mature forest,03-Feb-13,One,DRY,16.558,11.929,13.472
4,Mature forest,04-Feb-13,One,DRY,18.485,12.727,15.171
5,Mature forest,05-Feb-13,One,DRY,19.746,12.727,15.871
6,Mature forest,06-Feb-13,One,DRY,21.127,14.768,17.235
7,Mature forest,07-Feb-13,One,DRY,21.867,16.296,18.424
8,Mature forest,08-Feb-13,One,DRY,22.274,15.772,18.246
9,Mature forest,09-Feb-13,One,DRY,21.461,16.201,18.22
10,Mature forest,10-Feb-13,One,DRY,20.865,15.652,17.76
11,Mature forest,11-Feb-13,One,DRY,21.772,16.034,18.399
12,Mature forest,12-Feb-13,One,DRY,22.298,16.034,18.442
13,Mature forest,13-Feb-13,One,DRY,21.246,16.534,18.149
14,Mature forest,14-Feb-13,One,DRY,20.627,12.34,17.159
15,Mature forest,15-Feb-13,One,DRY,21.963,16.82,18.654
16,Mature forest,16-Feb-13,One,DRY,22.729,17.177,19.29
17,Mature forest,17-Feb-13,One,DRY,21.867,17.011,19.023
18,Mature forest,18-Feb-13,One,DRY,20.936,16.415,18.215
19,Mature forest,19-Feb-13,One,DRY,21.175,14.553,17.508
20,Mature forest,20-Feb-13,One,DRY,22.154,16.368,18.559
21,Mature forest,21-Feb-13,One,DRY,21.127,15.414,17.821
22,Mature forest,22-Feb-13,One,DRY,20.055,15.366,16.784
23,Mature forest,23-Feb-13,One,DRY,16.63,13.978,14.932
24,Mature forest,24-Feb-13,One,DRY,20.531,13.329,16.271
25,Mature forest,25-Feb-13,One,DRY,21.103,15.39,18.013
26,Mature forest,26-Feb-13,One,DRY,22.202,16.463,18.989
27,Mature forest,27-Feb-13,One,DRY,23.088,17.201,19.629
28,Mature forest,28-Feb-13,One,DRY,23.304,17.058,20.023
29,Mature forest,01-Mar-13,One,DRY,24.412,17.582,20.831
30,Mature forest,02-Mar-13,One,DRY,24.412,18.675,20.905
31,Mature forest,03-Mar-13,One,DRY,20.579,15.485,18.86
32,Mature forest,04-Mar-13,One,DRY,15.533,13.401,14.304
33,Mature forest,05-Mar-13,One,DRY,16.177,12.243,14.009
34,Mature forest,06-Mar-13,One,DRY,18.247,12.799,15.11
35,Mature forest,07-Mar-13,One,DRY,18.509,14.074,15.901
36,Mature forest,08-Mar-13,One,DRY,17.344,11.2,15.202
37,Mature forest,09-Mar-13,One,DRY,18.889,10.565,14.711
38,Mature forest,10-Mar-13,One,DRY,21.223,15.031,17.004
39,Mature forest,11-Mar-13,One,DRY,20.984,15.533,17.359
40,Mature forest,12-Mar-13,One,DRY,20.722,12.968,16.803
41,Mature forest,13-Mar-13,One,DRY,20.388,14.457,16.757
42,Mature forest,14-Mar-13,One,DRY,22.992,15.772,18.354
43,Mature forest,15-Mar-13,One,DRY,22.729,17.724,19.489
44,Mature forest,16-Mar-13,One,DRY,23.497,17.605,20.293
45,Mature forest,17-Mar-13,One,DRY,24.146,17.772,20.587
46,Mature forest,18-Mar-13,One,DRY,25.137,18.39,20.21
47,Mature forest,19-Mar-13,One,DRY,23.016,16.987,19.452
48,Mature forest,20-Mar-13,One,DRY,23.954,14.697,18.107
49,Mature forest,21-Mar-13,One,DRY,23.04,15.629,18.676
50,Mature forest,22-Mar-13,One,DRY,24.726,16.939,19.221
51,Mature forest,23-Mar-13,One,DRY,23.28,17.605,19.358
52,Mature forest,24-Mar-13,One,DRY,25.331,16.225,19.562
53,Mature forest,25-Mar-13,One,DRY,24.605,17.439,20.352
54,Mature forest,26-Mar-13,One,DRY,25.258,18.176,20.701
55,Mature forest,27-Mar-13,One,DRY,24.243,19.08,21.436
56,Mature forest,28-Mar-13,One,DRY,24.919,19.103,21.668
57,Mature forest,29-Mar-13,One,DRY,24.944,19.365,21.917
58,Mature forest,30-Mar-13,One,DRY,24.847,19.96,21.492
59,Mature forest,31-Mar-13,One,DRY,24.532,19.413,21.081
60,Mature forest,01-Apr-13,One,DRY,23.352,19.103,20.682
61,Mature forest,02-Apr-13,One,DRY,24.195,18.129,20.806
62,Mature forest,03-Apr-13,One,DRY,24.388,18.509,21.384
63,Mature forest,04-Apr-13,One,DRY,24.702,19.27,21.916
64,Mature forest,05-Apr-13,One,DRY,23.304,19.246,21.237
65,Mature forest,06-Apr-13,One,DRY,23.905,17.891,20.692
66,Mature forest,07-Apr-13,One,DRY,24.484,18.604,21.369
67,Mature forest,08-Apr-13,One,DRY,24.484,18.557,21.231
68,Mature forest,09-Apr-13,One,DRY,24.823,18.842,21.288
69,Mature forest,10-Apr-13,One,DRY,22.968,15.366,20.272
70,Mature forest,11-Apr-13,One,DRY,23.521,19.555,20.846
71,Mature forest,12-Apr-13,One,DRY,24.267,18.105,20.816
72,Mature forest,13-Apr-13,One,DRY,23.424,18.105,19.951
73,Mature forest,14-Apr-13,One,DRY,22.537,17.653,19.618
74,Mature forest,15-Apr-13,One,DRY,23.256,13.882,19.35
75,Mature forest,16-Apr-13,One,DRY,21.485,13.449,17.702
76,Mature forest,17-Apr-13,One,DRY,21.843,16.368,18.893
77,Mature forest,18-Apr-13,One,DRY,23.857,17.938,20.19
78,Mature forest,19-Apr-13,One,DRY,23.93,18.295,20.813
79,Mature forest,20-Apr-13,One,DRY,25.55,18.652,21.616
80,Mature forest,21-Apr-13,One,DRY,25.113,20.341,22.126
81,Mature forest,22-Apr-13,One,DRY,23.424,16.392,20.637
82,Mature forest,23-Apr-13,One,DRY,23.881,15.557,19.912
83,Mature forest,24-Apr-13,One,DRY,22.848,17.011,19.7
84,Mature forest,25-Apr-13,One,DRY,24.774,17.938,20.516
85,Mature forest,26-Apr-13,One,DRY,22.92,15.39,19.276
86,Mature forest,27-Apr-13,One,DRY,24.098,18.723,21.09
87,Mature forest,28-Apr-13,One,DRY,23.064,14.314,18.726
88,Mature forest,29-Apr-13,One,DRY,23.016,15.533,19.641
89,Mature forest,30-Apr-13,One,DRY,24.798,17.463,21.206
90,Mature forest,01-Jun-12,One,WET,21.628,17.391,19.125
91,Mature forest,02-Jun-12,One,WET,19.984,16.749,18.575
92,Mature forest,03-Jun-12,One,WET,21.795,17.677,19.206
93,Mature forest,04-Jun-12,One,WET,22.585,18.438,19.993
94,Mature forest,05-Jun-12,One,WET,22.848,16.439,20.158
95,Mature forest,06-Jun-12,One,WET,23.112,19.555,20.814
96,Mature forest,07-Jun-12,One,WET,22.034,19.341,20.489
97,Mature forest,08-Jun-12,One,WET,22.178,17.938,19.406
98,Mature forest,09-Jun-12,One,WET,20.936,17.986,18.851
99,Mature forest,10-Jun-12,One,WET,21.461,17.249,18.643
100,Mature forest,11-Jun-12,One,WET,22.345,17.772,19.521
101,Mature forest,12-Jun-12,One,WET,22.082,18.913,20.046
102,Mature forest,13-Jun-12,One,WET,21.772,18.295,19.43
103,Mature forest,14-Jun-12,One,WET,22.034,18.129,19.56
104,Mature forest,15-Jun-12,One,WET,22.465,16.963,19.156
105,Mature forest,16-Jun-12,One,WET,19.294,17.415,18.01
106,Mature forest,17-Jun-12,One,WET,19.651,17.534,18.254
107,Mature forest,18-Jun-12,One,WET,22.393,17.653,18.949
108,Mature forest,19-Jun-12,One,WET,21.461,17.724,19.131
109,Mature forest,20-Jun-12,One,WET,21.366,17.605,18.754
110,Mature forest,21-Jun-12,One,WET,20.365,17.296,18.526
111,Mature forest,22-Jun-12,One,WET,20.817,17.368,18.678
112,Mature forest,23-Jun-12,One,WET,19.555,17.486,18.295
113,Mature forest,24-Jun-12,One,WET,19.96,16.82,17.87
114,Mature forest,25-Jun-12,One,WET,19.579,17.177,18.321
115,Mature forest,26-Jun-12,One,WET,18.937,17.463,18.032
116,Mature forest,27-Jun-12,One,WET,20.984,17.391,18.728
117,Mature forest,28-Jun-12,One,WET,20.96,17.153,18.602
118,Mature forest,29-Jun-12,One,WET,21.008,16.963,18.543
119,Mature forest,30-Jun-12,One,WET,21.246,17.368,19.052
120,Mature forest,01-Jul-12,One,WET,19.579,16.82,18.393
121,Mature forest,02-Jul-12,One,WET,21.032,17.082,18.328
122,Mature forest,03-Jul-12,One,WET,20.531,17.082,18.451
123,Mature forest,04-Jul-12,One,WET,22.513,17.962,19.528
124,Mature forest,05-Jul-12,One,WET,21.342,17.058,18.982
125,Mature forest,06-Jul-12,One,WET,20.984,17.153,18.627
126,Mature forest,07-Jul-12,One,WET,22.729,17.653,19.395
127,Mature forest,08-Jul-12,One,WET,20.65,17.415,18.616
128,Mature forest,09-Jul-12,One,WET,20.15,17.058,18.207
129,Mature forest,10-Jul-12,One,WET,22.011,17.51,19.168
130,Mature forest,11-Jul-12,One,WET,23.448,18.461,19.859
131,Mature forest,12-Jul-12,One,WET,21.127,18.343,19.603
132,Mature forest,13-Jul-12,One,WET,21.676,18.794,19.684
133,Mature forest,14-Jul-12,One,WET,19.413,17.32,18.128
134,Mature forest,15-Jul-12,One,WET,20.198,17.463,18.463
135,Mature forest,16-Jul-12,One,WET,19.127,17.558,18.139
136,Mature forest,17-Jul-12,One,WET,17.653,16.677,17.135
137,Mature forest,18-Jul-12,One,WET,17.701,16.868,17.268
138,Mature forest,19-Jul-12,One,WET,17.915,16.963,17.369
139,Mature forest,20-Jul-12,One,WET,19.912,16.987,18.081
140,Mature forest,21-Jul-12,One,WET,21.628,17.249,18.889
141,Mature forest,22-Jul-12,One,WET,19.436,17.439,18.418
142,Mature forest,23-Jul-12,One,WET,18.675,16.987,17.491
143,Mature forest,24-Jul-12,One,WET,20.96,17.368,18.656
144,Mature forest,25-Jul-12,One,WET,19.579,17.629,18.407
145,Mature forest,26-Jul-12,One,WET,17.772,16.225,16.813
146,Mature forest,27-Jul-12,One,WET,16.701,15.724,16.236
147,Mature forest,28-Jul-12,One,WET,17.225,16.272,16.726
148,Mature forest,29-Jul-12,One,WET,20.603,16.844,18.056
149,Mature forest,30-Jul-12,One,WET,20.793,17.153,18.537
150,Mature forest,31-Jul-12,One,WET,18.723,16.582,17.601
151,Mature forest,01-Aug-12,One,WET,20.841,17.177,18.131
152,Mature forest,02-Aug-12,One,WET,18.675,16.725,17.479
153,Mature forest,03-Aug-12,One,WET,19.103,16.915,17.528
154,Mature forest,04-Aug-12,One,WET,20.579,16.939,17.98
155,Mature forest,05-Aug-12,One,WET,22.058,17.32,19.065
156,Mature forest,06-Aug-12,One,WET,20.889,18.319,19.127
157,Mature forest,07-Aug-12,One,WET,20.46,17.249,18.536
158,Mature forest,08-Aug-12,One,WET,20.865,16.344,18.227
159,Mature forest,09-Aug-12,One,WET,20.507,17.677,18.54
160,Mature forest,10-Aug-12,One,WET,20.674,16.106,18.654
161,Mature forest,11-Aug-12,One,WET,21.557,17.772,18.866
162,Mature forest,12-Aug-12,One,WET,23.016,17.986,19.645
163,Mature forest,13-Aug-12,One,WET,21.843,17.701,19.281
164,Mature forest,14-Aug-12,One,WET,19.294,17.058,18.237
165,Mature forest,15-Aug-12,One,WET,19.246,17.439,17.98
166,Mature forest,16-Aug-12,One,WET,20.412,16.511,18.356
167,Mature forest,17-Aug-12,One,WET,21.939,17.724,19.361
168,Mature forest,18-Aug-12,One,WET,20.15,15.557,17.829
169,Mature forest,19-Aug-12,One,WET,17.867,16.701,17.167
170,Mature forest,20-Aug-12,One,WET,18.675,16.463,17.404
171,Mature forest,21-Aug-12,One,WET,20.65,16.487,18.438
172,Mature forest,22-Aug-12,One,WET,18.628,16.701,17.822
173,Mature forest,23-Aug-12,One,WET,20.341,16.963,18.035
174,Mature forest,24-Aug-12,One,WET,19.555,16.487,17.733
175,Mature forest,25-Aug-12,One,WET,20.293,16.677,17.934
176,Mature forest,26-Aug-12,One,WET,21.27,17.249,18.793
177,Mature forest,27-Aug-12,One,WET,22.106,17.653,19.027
178,Mature forest,28-Aug-12,One,WET,21.891,17.51,19.307
179,Mature forest,29-Aug-12,One,WET,22.585,18.604,19.852
180,Mature forest,30-Aug-12,One,WET,20.746,18.105,19.279
181,Mature forest,31-Aug-12,One,WET,21.079,17.748,19.023
182,Open land,01-Feb-13,One,DRY,25.355,5.154,12.464
183,Open land,02-Feb-13,One,DRY,24.968,8.245,12.835
184,Open land,03-Feb-13,One,DRY,24.388,9.361,13.612
185,Open land,04-Feb-13,One,DRY,25.428,9.04,14.383
186,Open land,05-Feb-13,One,DRY,27.136,6.914,13.926
187,Open land,06-Feb-13,One,DRY,29.315,7.945,16.356
188,Open land,07-Feb-13,One,DRY,29.941,10.858,17.02
189,Open land,08-Feb-13,One,DRY,31.459,9.386,16.935
190,Open land,09-Feb-13,One,DRY,28.791,10.492,16.658
191,Open land,10-Feb-13,One,DRY,27.038,11.419,16.658
192,Open land,11-Feb-13,One,DRY,29.389,12.219,17.973
193,Open land,12-Feb-13,One,DRY,29.916,11.248,17.909
194,Open land,13-Feb-13,One,DRY,27.186,13.473,17.685
195,Open land,14-Feb-13,One,DRY,27.579,11.029,17.466
196,Open land,15-Feb-13,One,DRY,30.419,12.944,18.511
197,Open land,16-Feb-13,One,DRY,29.966,12.847,18.534
198,Open land,17-Feb-13,One,DRY,27.801,13.954,18.313
199,Open land,18-Feb-13,One,DRY,27.604,12.968,17.908
200,Open land,19-Feb-13,One,DRY,29.365,10.271,16.973
201,Open land,20-Feb-13,One,DRY,29.941,11.419,17.928
202,Open land,21-Feb-13,One,DRY,27.186,12.485,17.517
203,Open land,22-Feb-13,One,DRY,28.99,12.606,17.387
204,Open land,23-Feb-13,One,DRY,21.939,12.437,15.584
205,Open land,24-Feb-13,One,DRY,28.617,10.345,16.777
206,Open land,25-Feb-13,One,DRY,27.875,12.025,17.117
207,Open land,26-Feb-13,One,DRY,29.464,11.175,17.516
208,Open land,27-Feb-13,One,DRY,30.672,11.297,17.546
209,Open land,28-Feb-13,One,DRY,29.941,12.847,18.592
210,Open land,01-Mar-13,One,DRY,31.51,11.516,18.49
211,Open land,02-Mar-13,One,DRY,31.23,11.565,19.282
212,Open land,03-Mar-13,One,DRY,27.014,13.786,18.067
213,Open land,04-Mar-13,One,DRY,20.341,12.147,14.87
214,Open land,05-Mar-13,One,DRY,22.465,10.418,15.025
215,Open land,06-Mar-13,One,DRY,25.55,10.614,15.971
216,Open land,07-Mar-13,One,DRY,25.355,10.98,16.276
217,Open land,08-Mar-13,One,DRY,20.579,10.59,15.248
218,Open land,09-Mar-13,One,DRY,26.012,8.817,15.016
219,Open land,10-Mar-13,One,DRY,28.221,9.41,16.043
220,Open land,11-Mar-13,One,DRY,29.865,10.247,16.535
221,Open land,12-Mar-13,One,DRY,29.59,10.443,16.128
222,Open land,13-Mar-13,One,DRY,29.19,9.682,16.54
223,Open land,14-Mar-13,One,DRY,29.941,9.756,17.35
224,Open land,15-Mar-13,One,DRY,29.89,12.025,18.048
225,Open land,16-Mar-13,One,DRY,29.865,12.871,18.714
226,Open land,17-Mar-13,One,DRY,33.313,12.703,19.019
227,Open land,18-Mar-13,One,DRY,32.278,12.678,18.967
228,Open land,19-Mar-13,One,DRY,32.717,12.171,18.858
229,Open land,20-Mar-13,One,DRY,34.071,9.682,17.137
230,Open land,21-Mar-13,One,DRY,31.204,9.262,17.419
231,Open land,22-Mar-13,One,DRY,32.691,10.663,17.831
232,Open land,23-Mar-13,One,DRY,30.748,11.005,18.025
233,Open land,24-Mar-13,One,DRY,34.15,10.883,18.267
234,Open land,25-Mar-13,One,DRY,31.765,12.001,18.803
235,Open land,26-Mar-13,One,DRY,30.9,12.219,18.784
236,Open land,27-Mar-13,One,DRY,32.124,12.871,19.836
237,Open land,28-Mar-13,One,DRY,33.313,12.775,20.319
238,Open land,29-Mar-13,One,DRY,32.562,12.751,20.091
239,Open land,30-Mar-13,One,DRY,30.773,14.481,19.456
240,Open land,31-Mar-13,One,DRY,30.066,14.146,18.62
241,Open land,01-Apr-13,One,DRY,29.54,12.727,18.774
242,Open land,02-Apr-13,One,DRY,30.369,13.449,19.566
243,Open land,03-Apr-13,One,DRY,31.255,13.281,19.689
244,Open land,04-Apr-13,One,DRY,31.281,13.978,20.186
245,Open land,05-Apr-13,One,DRY,30.773,15.724,20.683
246,Open land,06-Apr-13,One,DRY,30.394,13.497,19.374
247,Open land,07-Apr-13,One,DRY,32.433,12.823,19.711
248,Open land,08-Apr-13,One,DRY,31.306,13.425,19.709
249,Open land,09-Apr-13,One,DRY,31.128,13.642,20.06
250,Open land,01-Jun-12,One,WET,24.992,17.106,19.946
251,Open land,02-Jun-12,One,WET,23.208,16.415,18.954
252,Open land,03-Jun-12,One,WET,24.798,17.225,19.864
253,Open land,04-Jun-12,One,WET,26.5,18.176,20.644
254,Open land,05-Jun-12,One,WET,26.818,16.129,20.331
255,Open land,06-Jun-12,One,WET,27.702,17.368,21.302
256,Open land,07-Jun-12,One,WET,26.646,17.701,20.735
257,Open land,08-Jun-12,One,WET,27.014,17.748,19.899
258,Open land,09-Jun-12,One,WET,23.304,17.748,19.123
259,Open land,10-Jun-12,One,WET,23.472,17.368,19.013
260,Open land,11-Jun-12,One,WET,23.208,17.724,19.647
261,Open land,12-Jun-12,One,WET,23.689,18.699,20.249
262,Open land,13-Jun-12,One,WET,23.545,17.962,19.552
263,Open land,14-Jun-12,One,WET,22.8,17.605,19.693
264,Open land,15-Jun-12,One,WET,24.339,16.915,19.263
265,Open land,16-Jun-12,One,WET,21.819,16.606,18.345
266,Open land,17-Jun-12,One,WET,23.04,16.63,19.214
267,Open land,18-Jun-12,One,WET,26.085,17.32,19.675
268,Open land,19-Jun-12,One,WET,22.753,17.534,19.328
269,Open land,20-Jun-12,One,WET,22.25,17.058,18.901
270,Open land,21-Jun-12,One,WET,21.891,17.296,18.643
271,Open land,22-Jun-12,One,WET,20.913,17.463,18.614
272,Open land,23-Jun-12,One,WET,19.698,17.034,18.148
273,Open land,24-Jun-12,One,WET,21.223,16.773,17.83
274,Open land,25-Jun-12,One,WET,19.865,16.606,18.095
275,Open land,26-Jun-12,One,WET,19.484,17.058,17.771
276,Open land,27-Jun-12,One,WET,20.722,17.058,18.246
277,Open land,28-Jun-12,One,WET,23.545,17.368,19.322
278,Open land,29-Jun-12,One,WET,25.04,16.82,19.138
279,Open land,30-Jun-12,One,WET,22.417,16.344,19.166
280,Open land,01-Jul-12,One,WET,22.896,16.558,18.644
281,Open land,02-Jul-12,One,WET,21.963,16.749,18.562
282,Open land,03-Jul-12,One,WET,23.472,17.32,18.768
283,Open land,04-Jul-12,One,WET,24.895,17.486,19.714
284,Open land,05-Jul-12,One,WET,23.448,16.63,19.373
285,Open land,06-Jul-12,One,WET,24.195,16.868,19.292
286,Open land,07-Jul-12,One,WET,25.987,16.915,20.172
287,Open land,08-Jul-12,One,WET,21.485,17.177,18.893
288,Open land,09-Jul-12,One,WET,23.112,16.987,18.741
289,Open land,10-Jul-12,One,WET,24.219,17.249,19.466
290,Open land,11-Jul-12,One,WET,25.671,18.319,20.215
291,Open land,12-Jul-12,One,WET,24.605,18.461,20.731
292,Open land,13-Jul-12,One,WET,24.605,18.652,19.992
293,Open land,14-Jul-12,One,WET,18.985,17.034,18.066
294,Open land,15-Jul-12,One,WET,21.485,17.082,18.867
295,Open land,16-Jul-12,One,WET,19.603,17.463,18.446
296,Open land,17-Jul-12,One,WET,17.938,16.796,17.299
297,Open land,18-Jul-12,One,WET,18.176,16.939,17.371
298,Open land,19-Jul-12,One,WET,18.604,17.082,17.571
299,Open land,20-Jul-12,One,WET,23.448,17.082,18.862
300,Open land,21-Jul-12,One,WET,23.136,16.939,19.081
301,Open land,22-Jul-12,One,WET,19.294,17.13,18.071
302,Open land,23-Jul-12,One,WET,17.938,17.32,17.509
303,Open land,24-Jul-12,One,WET,25.283,17.153,19.541
304,Open land,25-Jul-12,One,WET,21.533,17.51,18.866
305,Open land,26-Jul-12,One,WET,18.01,16.344,16.912
306,Open land,27-Jul-12,One,WET,16.82,15.748,16.357
307,Open land,28-Jul-12,One,WET,18.033,16.272,16.86
308,Open land,29-Jul-12,One,WET,21.533,16.773,18.08
309,Open land,30-Jul-12,One,WET,22.609,16.677,18.393
310,Open land,31-Jul-12,One,WET,18.176,16.582,17.498
311,Open land,01-Aug-12,One,WET,21.342,17.011,18.189
312,Open land,02-Aug-12,One,WET,19.936,16.225,17.691
313,Open land,03-Aug-12,One,WET,19.008,16.606,17.714
314,Open land,04-Aug-12,One,WET,22.25,16.654,18.071
315,Open land,05-Aug-12,One,WET,25.21,16.892,19.345
316,Open land,06-Aug-12,One,WET,23.93,17.915,19.271
317,Open land,07-Aug-12,One,WET,23.713,16.987,18.77
318,Open land,08-Aug-12,One,WET,28.543,15.605,19.433
319,Open land,09-Aug-12,One,WET,28.518,17.272,19.444
320,Open land,10-Aug-12,One,WET,28.518,16.106,19.471
321,Open land,11-Aug-12,One,WET,24.629,16.844,19.175
322,Open land,12-Aug-12,One,WET,27.382,17.249,19.858
323,Open land,13-Aug-12,One,WET,24.363,17.843,19.527
324,Open land,14-Aug-12,One,WET,21.676,17.201,18.552
325,Open land,15-Aug-12,One,WET,21.795,16.868,18.389
326,Open land,16-Aug-12,One,WET,27.628,16.725,19.514
327,Open land,17-Aug-12,One,WET,29.64,16.225,20.059
328,Open land,18-Aug-12,One,WET,19.674,15.414,17.848
329,Open land,19-Aug-12,One,WET,18.557,16.606,17.435
330,Open land,20-Aug-12,One,WET,20.055,16.392,17.677
331,Open land,21-Aug-12,One,WET,23.761,15.676,18.699
332,Open land,22-Aug-12,One,WET,19.341,15.915,17.626
333,Open land,23-Aug-12,One,WET,26.061,16.201,18.683
334,Open land,24-Aug-12,One,WET,26.646,15.247,18.256
335,Open land,25-Aug-12,One,WET,25.355,15.485,18.34
336,Open land,26-Aug-12,One,WET,26.109,15.557,18.771
337,Open land,27-Aug-12,One,WET,25.234,15.724,18.969
338,Open land,28-Aug-12,One,WET,28.816,15.748,19.386
339,Open land,29-Aug-12,One,WET,30.9,16.606,20.02
340,Open land,30-Aug-12,One,WET,27.112,17.177,20.137
341,Open land,31-Aug-12,One,WET,25.866,18.081,19.671
342,Regenerating forest,01-Feb-13,One,DRY,18.081,10.663,13.88
343,Regenerating forest,02-Feb-13,One,DRY,18.224,12.847,14.654
344,Regenerating forest,03-Feb-13,One,DRY,17.796,12.122,14.029
345,Regenerating forest,04-Feb-13,One,DRY,20.007,13.473,15.556
346,Regenerating forest,05-Feb-13,One,DRY,21.939,13.137,15.985
347,Regenerating forest,06-Feb-13,One,DRY,21.437,12.823,16.36
348,Regenerating forest,07-Feb-13,One,DRY,22.321,13.401,16.912
349,Regenerating forest,08-Feb-13,One,DRY,22.585,14.792,17.686
350,Regenerating forest,09-Feb-13,One,DRY,22.729,15.461,18.196
351,Regenerating forest,10-Feb-13,One,DRY,23.954,16.153,18.787
352,Regenerating forest,11-Feb-13,One,DRY,24.026,17.344,19.351
353,Regenerating forest,12-Feb-13,One,DRY,23.545,16.868,19.026
354,Regenerating forest,13-Feb-13,One,DRY,24.074,17.796,19.876
355,Regenerating forest,14-Feb-13,One,DRY,22.92,15.127,18.631
356,Regenerating forest,15-Feb-13,One,DRY,23.328,16.701,19.38
357,Regenerating forest,16-Feb-13,One,DRY,25.186,17.701,20.136
358,Regenerating forest,17-Feb-13,One,DRY,24.726,18.129,20.385
359,Regenerating forest,18-Feb-13,One,DRY,25.113,17.724,19.91
360,Regenerating forest,19-Feb-13,One,DRY,25.016,15.27,18.463
361,Regenerating forest,20-Feb-13,One,DRY,24.871,16.773,19.316
362,Regenerating forest,21-Feb-13,One,DRY,26.818,17.153,20.075
363,Regenerating forest,22-Feb-13,One,DRY,23.064,17.391,19.122
364,Regenerating forest,23-Feb-13,One,DRY,21.939,16.392,18.002
365,Regenerating forest,24-Feb-13,One,DRY,24.726,14.457,18.088
366,Regenerating forest,25-Feb-13,One,DRY,25.04,16.915,19.635
367,Regenerating forest,26-Feb-13,One,DRY,25.55,16.606,19.721
368,Regenerating forest,27-Feb-13,One,DRY,25.598,16.987,19.902
369,Regenerating forest,28-Feb-13,One,DRY,25.744,15.796,19.624
370,Regenerating forest,01-Mar-13,One,DRY,26.158,17.13,20.24
371,Regenerating forest,02-Mar-13,One,DRY,24.968,17.701,20.511
372,Regenerating forest,03-Mar-13,One,DRY,22.537,18.105,19.856
373,Regenerating forest,04-Mar-13,One,DRY,18.247,15.39,17.069
374,Regenerating forest,05-Mar-13,One,DRY,20.007,14.649,16.073
375,Regenerating forest,06-Mar-13,One,DRY,22.369,15.055,17.677
376,Regenerating forest,07-Mar-13,One,DRY,22.345,15.414,17.738
377,Regenerating forest,08-Mar-13,One,DRY,19.365,14.529,17.118
378,Regenerating forest,09-Mar-13,One,DRY,21.987,12.582,16.158
379,Regenerating forest,10-Mar-13,One,DRY,23.689,14.745,17.923
380,Regenerating forest,11-Mar-13,One,DRY,23.833,15.247,18.461
381,Regenerating forest,12-Mar-13,One,DRY,24.002,15.27,18.358
382,Regenerating forest,13-Mar-13,One,DRY,24.412,14.242,18.202
383,Regenerating forest,14-Mar-13,One,DRY,25.283,16.034,19.349
384,Regenerating forest,15-Mar-13,One,DRY,25.55,17.272,20.184
385,Regenerating forest,16-Mar-13,One,DRY,26.793,17.772,20.922
386,Regenerating forest,17-Mar-13,One,DRY,29.14,16.844,20.865
387,Regenerating forest,18-Mar-13,One,DRY,27.776,18.2,21.207
388,Regenerating forest,19-Mar-13,One,DRY,26.475,16.225,20.115
389,Regenerating forest,20-Mar-13,One,DRY,26.916,14.673,19.394
390,Regenerating forest,21-Mar-13,One,DRY,26.28,16.129,19.638
391,Regenerating forest,22-Mar-13,One,DRY,26.916,16.606,20.115
392,Regenerating forest,23-Mar-13,One,DRY,25.55,16.439,20.039
393,Regenerating forest,24-Mar-13,One,DRY,27.751,15.963,20.365
394,Regenerating forest,25-Mar-13,One,DRY,26.671,16.963,20.633
395,Regenerating forest,26-Mar-13,One,DRY,27.038,18.152,21.194
396,Regenerating forest,27-Mar-13,One,DRY,27.579,18.033,21.49
397,Regenerating forest,28-Mar-13,One,DRY,29.19,18.485,22.32
398,Regenerating forest,29-Mar-13,One,DRY,28.543,19.008,22.407
399,Regenerating forest,30-Mar-13,One,DRY,28.493,19.841,22.46
400,Regenerating forest,31-Mar-13,One,DRY,26.573,19.008,21.786
401,Regenerating forest,01-Apr-13,One,DRY,26.207,18.961,21.479
402,Regenerating forest,02-Apr-13,One,DRY,28.444,17.439,21.581
403,Regenerating forest,03-Apr-13,One,DRY,28.493,18.224,22.187
404,Regenerating forest,04-Apr-13,One,DRY,29.389,18.366,22.338
405,Regenerating forest,05-Apr-13,One,DRY,27.998,19.722,22.439
406,Regenerating forest,06-Apr-13,One,DRY,27.776,17.962,21.752
407,Regenerating forest,07-Apr-13,One,DRY,29.19,18.58,22.284
408,Regenerating forest,08-Apr-13,One,DRY,28.916,18.271,22.301
409,Regenerating forest,09-Apr-13,One,DRY,29.14,19.08,22.871
410,Regenerating forest,10-Apr-13,One,DRY,25.817,17.463,21.606
411,Regenerating forest,11-Apr-13,One,DRY,27.063,19.793,22.113
412,Regenerating forest,12-Apr-13,One,DRY,28.99,19.722,23.177
413,Regenerating forest,13-Apr-13,One,DRY,29.04,19.175,22.315
414,Regenerating forest,14-Apr-13,One,DRY,26.549,18.152,21.121
415,Regenerating forest,15-Apr-13,One,DRY,28.345,17.843,21.782
416,Regenerating forest,16-Apr-13,One,DRY,26.134,16.415,19.435
417,Regenerating forest,17-Apr-13,One,DRY,25.793,15.819,19.827
418,Regenerating forest,18-Apr-13,One,DRY,27.431,18.01,21.562
419,Regenerating forest,19-Apr-13,One,DRY,29.439,18.913,22.309
420,Regenerating forest,20-Apr-13,One,DRY,30.748,19.032,23.222
421,Regenerating forest,21-Apr-13,One,DRY,29.265,20.793,23.735
422,Regenerating forest,22-Apr-13,One,DRY,28.493,18.271,22.639
423,Regenerating forest,23-Apr-13,One,DRY,29.865,18.319,22.53
424,Regenerating forest,24-Apr-13,One,DRY,27.702,18.675,21.97
425,Regenerating forest,25-Apr-13,One,DRY,30.722,19.746,23.056
426,Regenerating forest,26-Apr-13,One,DRY,25.963,17.296,20.621
427,Regenerating forest,27-Apr-13,One,DRY,28.742,18.771,22.413
428,Regenerating forest,28-Apr-13,One,DRY,27.751,17.082,20.671
429,Regenerating forest,29-Apr-13,One,DRY,26.744,15.676,19.969
430,Regenerating forest,30-Apr-13,One,DRY,29.165,19.413,22.633
431,Regenerating forest,01-Jun-12,One,WET,22.968,17.653,19.717
432,Regenerating forest,02-Jun-12,One,WET,21.223,17.106,18.882
433,Regenerating forest,03-Jun-12,One,WET,23.376,17.51,19.778
434,Regenerating forest,04-Jun-12,One,WET,24.605,18.438,20.647
435,Regenerating forest,05-Jun-12,One,WET,25.939,16.796,20.211
436,Regenerating forest,06-Jun-12,One,WET,25.404,17.272,20.628
437,Regenerating forest,07-Jun-12,One,WET,24.871,17.629,20.526
438,Regenerating forest,08-Jun-12,One,WET,23.448,18.057,19.676
439,Regenerating forest,09-Jun-12,One,WET,21.772,18.105,19.226
440,Regenerating forest,10-Jun-12,One,WET,22.25,17.653,19.275
441,Regenerating forest,11-Jun-12,One,WET,22.633,18.01,19.925
442,Regenerating forest,12-Jun-12,One,WET,22.92,19.341,20.596
443,Regenerating forest,13-Jun-12,One,WET,23.497,18.2,19.955
444,Regenerating forest,14-Jun-12,One,WET,22.681,17.843,19.777
445,Regenerating forest,15-Jun-12,One,WET,23.545,17.796,19.673
446,Regenerating forest,16-Jun-12,One,WET,19.912,17.415,18.468
447,Regenerating forest,17-Jun-12,One,WET,20.269,17.272,18.633
448,Regenerating forest,18-Jun-12,One,WET,22.872,17.534,19.282
449,Regenerating forest,19-Jun-12,One,WET,22.202,18.081,19.651
450,Regenerating forest,20-Jun-12,One,WET,22.848,17.629,19.167
451,Regenerating forest,21-Jun-12,One,WET,20.722,17.534,18.787
452,Regenerating forest,22-Jun-12,One,WET,21.366,17.748,19.048
453,Regenerating forest,23-Jun-12,One,WET,19.817,17.629,18.394
454,Regenerating forest,24-Jun-12,One,WET,21.27,17.034,18.108
455,Regenerating forest,25-Jun-12,One,WET,20.174,17.296,18.632
456,Regenerating forest,26-Jun-12,One,WET,19.888,17.153,18.268
457,Regenerating forest,27-Jun-12,One,WET,21.294,17.058,18.807
458,Regenerating forest,28-Jun-12,One,WET,21.39,17.701,19.154
459,Regenerating forest,29-Jun-12,One,WET,22.441,17.582,19.053
460,Regenerating forest,30-Jun-12,One,WET,22.25,17.296,19.235
461,Regenerating forest,01-Jul-12,One,WET,20.555,17.415,18.64
462,Regenerating forest,02-Jul-12,One,WET,21.867,17.13,18.69
463,Regenerating forest,03-Jul-12,One,WET,22.537,17.772,18.914
464,Regenerating forest,04-Jul-12,One,WET,23.28,17.843,19.681
465,Regenerating forest,05-Jul-12,One,WET,21.867,17.391,19.454
466,Regenerating forest,06-Jul-12,One,WET,21.318,17.272,18.943
467,Regenerating forest,07-Jul-12,One,WET,23.448,17.296,19.908
468,Regenerating forest,08-Jul-12,One,WET,20.913,18.176,19.064
469,Regenerating forest,09-Jul-12,One,WET,21.604,17.439,18.844
470,Regenerating forest,10-Jul-12,One,WET,22.369,17.748,19.447
471,Regenerating forest,11-Jul-12,One,WET,24.146,18.699,20.224
472,Regenerating forest,12-Jul-12,One,WET,23.208,18.461,20.032
473,Regenerating forest,13-Jul-12,One,WET,22.513,18.889,19.817
474,Regenerating forest,14-Jul-12,One,WET,19.151,17.534,18.394
475,Regenerating forest,15-Jul-12,One,WET,20.627,17.51,18.737
476,Regenerating forest,16-Jul-12,One,WET,19.698,17.891,18.569
477,Regenerating forest,17-Jul-12,One,WET,18.105,17.106,17.57
478,Regenerating forest,18-Jul-12,One,WET,18.557,17.225,17.742
479,Regenerating forest,19-Jul-12,One,WET,18.533,17.439,17.901
480,Regenerating forest,20-Jul-12,One,WET,21.032,17.605,18.701
481,Regenerating forest,21-Jul-12,One,WET,22.034,17.32,19.087
482,Regenerating forest,22-Jul-12,One,WET,19.603,17.391,18.418
483,Regenerating forest,23-Jul-12,One,WET,18.343,17.629,17.837
484,Regenerating forest,24-Jul-12,One,WET,20.936,17.653,18.915
485,Regenerating forest,25-Jul-12,One,WET,20.222,18.057,18.891
486,Regenerating forest,26-Jul-12,One,WET,18.366,16.677,17.227
487,Regenerating forest,27-Jul-12,One,WET,17.796,16.153,16.78
488,Regenerating forest,28-Jul-12,One,WET,19.151,16.725,17.842
489,Regenerating forest,29-Jul-12,One,WET,21.748,18.01,19.036
490,Regenerating forest,30-Jul-12,One,WET,21.342,17.463,18.977
491,Regenerating forest,31-Jul-12,One,WET,18.889,17.225,18.086
492,Regenerating forest,01-Aug-12,One,WET,20.865,17.51,18.522
493,Regenerating forest,02-Aug-12,One,WET,19.698,17.058,18.064
494,Regenerating forest,03-Aug-12,One,WET,19.151,16.963,17.951
495,Regenerating forest,04-Aug-12,One,WET,21.008,17.011,18.307
496,Regenerating forest,05-Aug-12,One,WET,22.92,17.249,19.293
497,Regenerating forest,06-Aug-12,One,WET,21.748,18.2,19.41
498,Regenerating forest,07-Aug-12,One,WET,21.509,17.748,18.958
499,Regenerating forest,08-Aug-12,One,WET,21.987,16.415,18.938
500,Regenerating forest,09-Aug-12,One,WET,21.103,17.748,18.726
501,Regenerating forest,10-Aug-12,One,WET,21.963,16.392,18.834
502,Regenerating forest,11-Aug-12,One,WET,23.978,17.011,19.103
503,Regenerating forest,12-Aug-12,One,WET,23.497,17.558,19.846
504,Regenerating forest,13-Aug-12,One,WET,23.472,18.366,19.728
505,Regenerating forest,14-Aug-12,One,WET,20.055,17.605,18.768
506,Regenerating forest,15-Aug-12,One,WET,19.841,17.582,18.501
507,Regenerating forest,16-Aug-12,One,WET,21.27,17.463,18.946
508,Regenerating forest,17-Aug-12,One,WET,22.8,16.725,19.387
509,Regenerating forest,18-Aug-12,One,WET,19.888,16.582,18.134
510,Regenerating forest,19-Aug-12,One,WET,18.461,17.034,17.701
511,Regenerating forest,20-Aug-12,One,WET,19.532,16.939,17.997
512,Regenerating forest,21-Aug-12,One,WET,20.889,16.32,18.51
513,Regenerating forest,22-Aug-12,One,WET,18.842,16.63,17.804
514,Regenerating forest,23-Aug-12,One,WET,21.079,16.749,18.376
515,Regenerating forest,24-Aug-12,One,WET,20.722,15.986,18.057
516,Regenerating forest,25-Aug-12,One,WET,20.722,15.843,17.832
517,Regenerating forest,26-Aug-12,One,WET,21.461,16.058,18.378
518,Regenerating forest,27-Aug-12,One,WET,22.274,16.225,18.744
519,Regenerating forest,28-Aug-12,One,WET,22.465,16.225,18.785
520,Regenerating forest,29-Aug-12,One,WET,22.8,16.534,19.312
521,Regenerating forest,30-Aug-12,One,WET,23.136,17.344,19.492
522,Regenerating forest,31-Aug-12,One,WET,23.472,18.438,19.962
523,Mature forest,01-Feb-14,Two,DRY,NA,NA,NA
524,Mature forest,02-Feb-14,Two,DRY,NA,NA,NA
525,Mature forest,03-Feb-14,Two,DRY,NA,NA,NA
526,Mature forest,04-Feb-14,Two,DRY,NA,NA,NA
527,Mature forest,05-Feb-14,Two,DRY,NA,NA,NA
528,Mature forest,06-Feb-14,Two,DRY,NA,NA,NA
529,Mature forest,07-Feb-14,Two,DRY,NA,NA,NA
530,Mature forest,08-Feb-14,Two,DRY,NA,NA,NA
531,Mature forest,09-Feb-14,Two,DRY,NA,NA,NA
532,Mature forest,10-Feb-14,Two,DRY,NA,NA,NA
533,Mature forest,11-Feb-14,Two,DRY,NA,NA,NA
534,Mature forest,12-Feb-14,Two,DRY,NA,NA,NA
535,Mature forest,13-Feb-14,Two,DRY,NA,NA,NA
536,Mature forest,14-Feb-14,Two,DRY,NA,NA,NA
537,Mature forest,15-Feb-14,Two,DRY,NA,NA,NA
538,Mature forest,16-Feb-14,Two,DRY,NA,NA,NA
539,Mature forest,17-Feb-14,Two,DRY,NA,NA,NA
540,Mature forest,18-Feb-14,Two,DRY,NA,NA,NA
541,Mature forest,19-Feb-14,Two,DRY,NA,NA,NA
542,Mature forest,20-Feb-14,Two,DRY,NA,NA,NA
543,Mature forest,21-Feb-14,Two,DRY,NA,NA,NA
544,Mature forest,22-Feb-14,Two,DRY,NA,NA,NA
545,Mature forest,23-Feb-14,Two,DRY,NA,NA,NA
546,Mature forest,24-Feb-14,Two,DRY,NA,NA,NA
547,Mature forest,25-Feb-14,Two,DRY,NA,NA,NA
548,Mature forest,26-Feb-14,Two,DRY,NA,NA,NA
549,Mature forest,27-Feb-14,Two,DRY,NA,NA,NA
550,Mature forest,28-Feb-14,Two,DRY,NA,NA,NA
551,Mature forest,01-Mar-14,Two,DRY,NA,NA,NA
552,Mature forest,02-Mar-14,Two,DRY,NA,NA,NA
553,Mature forest,03-Mar-14,Two,DRY,NA,NA,NA
554,Mature forest,04-Mar-14,Two,DRY,NA,NA,NA
555,Mature forest,05-Mar-14,Two,DRY,NA,NA,NA
556,Mature forest,06-Mar-14,Two,DRY,NA,NA,NA
557,Mature forest,07-Mar-14,Two,DRY,20.865,12.582,16.007
558,Mature forest,08-Mar-14,Two,DRY,20.96,9.78,14.642
559,Mature forest,09-Mar-14,Two,DRY,21.342,10.614,15.016
560,Mature forest,10-Mar-14,Two,DRY,21.246,10.785,15.405
561,Mature forest,11-Mar-14,Two,DRY,21.175,11.662,15.816
562,Mature forest,12-Mar-14,Two,DRY,20.65,10.59,15.202
563,Mature forest,13-Mar-14,Two,DRY,21.7,10.149,14.776
564,Mature forest,14-Mar-14,Two,DRY,21.342,9.928,15.017
565,Mature forest,15-Mar-14,Two,DRY,21.318,11.321,15.822
566,Mature forest,16-Mar-14,Two,DRY,21.915,12.122,16.026
567,Mature forest,17-Mar-14,Two,DRY,21.819,11.783,15.998
568,Mature forest,18-Mar-14,Two,DRY,22.393,10.345,15.528
569,Mature forest,19-Mar-14,Two,DRY,22.298,9.188,15.088
570,Mature forest,20-Mar-14,Two,DRY,20.746,9.632,14.94
571,Mature forest,21-Mar-14,Two,DRY,19.651,10.467,14.244
572,Mature forest,22-Mar-14,Two,DRY,14.002,10.516,12.603
573,Mature forest,23-Mar-14,Two,DRY,15.557,10.932,13.315
574,Mature forest,24-Mar-14,Two,DRY,16.129,8.419,12.228
575,Mature forest,25-Mar-14,Two,DRY,18.438,10.222,13.673
576,Mature forest,26-Mar-14,Two,DRY,19.793,11.346,14.731
577,Mature forest,27-Mar-14,Two,DRY,21.199,10.394,15.046
578,Mature forest,28-Mar-14,Two,DRY,21.987,10.492,15.468
579,Mature forest,29-Mar-14,Two,DRY,22.681,11.2,16.172
580,Mature forest,30-Mar-14,Two,DRY,22.944,12.678,17.068
581,Mature forest,31-Mar-14,Two,DRY,23.184,12.34,17.183
582,Mature forest,01-Apr-14,Two,DRY,22.011,12.558,16.767
583,Mature forest,02-Apr-14,Two,DRY,22.25,11.807,16.336
584,Mature forest,03-Apr-14,Two,DRY,21.772,11.005,15.882
585,Mature forest,04-Apr-14,Two,DRY,20.603,11.734,15.832
586,Mature forest,05-Apr-14,Two,DRY,18.58,11.2,14.728
587,Mature forest,06-Apr-14,Two,DRY,19.222,11.224,14.594
588,Mature forest,07-Apr-14,Two,DRY,19.674,9.064,13.918
589,Mature forest,08-Apr-14,Two,DRY,20.365,13.714,16.58
590,Mature forest,09-Apr-14,Two,DRY,22.657,13.233,17.173
591,Mature forest,10-Apr-14,Two,DRY,22.298,12.63,17.24
592,Mature forest,11-Apr-14,Two,DRY,22.393,14.337,17.648
593,Mature forest,12-Apr-14,Two,DRY,22.944,12.485,17.029
594,Mature forest,13-Apr-14,Two,DRY,23.954,13.064,17.796
595,Mature forest,14-Apr-14,Two,DRY,23.472,13.257,17.969
596,Mature forest,15-Apr-14,Two,DRY,23.112,15.461,18.393
597,Mature forest,16-Apr-14,Two,DRY,23.761,13.064,17.689
598,Mature forest,17-Apr-14,Two,DRY,19.508,15.079,15.905
599,Mature forest,18-Apr-14,Two,DRY,24.508,14.314,18.853
600,Mature forest,19-Apr-14,Two,DRY,24.026,14.337,18.578
601,Mature forest,20-Apr-14,Two,DRY,24.992,14.505,19.098
602,Mature forest,21-Apr-14,Two,DRY,24.726,16.511,20.344
603,Mature forest,22-Apr-14,Two,DRY,25.841,17.153,21.112
604,Mature forest,23-Apr-14,Two,DRY,25.55,17.058,20.4
605,Mature forest,24-Apr-14,Two,DRY,24.774,16.082,19.815
606,Mature forest,25-Apr-14,Two,DRY,24.484,15.676,19.675
607,Mature forest,26-Apr-14,Two,DRY,22.25,14.553,18.138
608,Mature forest,27-Apr-14,Two,DRY,23.978,13.714,18.374
609,Mature forest,28-Apr-14,Two,DRY,22.321,15.557,18.056
610,Mature forest,29-Apr-14,Two,DRY,20.293,13.497,16.379
611,Mature forest,30-Apr-14,Two,DRY,21.604,13.064,16.371
612,Open land,01-Feb-14,Two,DRY,32.201,8.419,16.562
613,Open land,02-Feb-14,Two,DRY,32.949,7.192,16.47
614,Open land,03-Feb-14,Two,DRY,31.714,6.864,16.58
615,Open land,04-Feb-14,Two,DRY,32.717,8.568,16.418
616,Open land,05-Feb-14,Two,DRY,31.586,9.139,17.021
617,Open land,06-Feb-14,Two,DRY,31.459,11.346,17.781
618,Open land,07-Feb-14,Two,DRY,31.408,7.945,16.947
619,Open land,08-Feb-14,Two,DRY,30.596,9.829,17.027
620,Open land,09-Feb-14,Two,DRY,30.571,7.444,16.061
621,Open land,10-Feb-14,Two,DRY,31.23,7.015,16.538
622,Open land,11-Feb-14,Two,DRY,30.167,7.293,16.217
623,Open land,12-Feb-14,Two,DRY,28.766,11.127,17.098
624,Open land,13-Feb-14,Two,DRY,31.103,8.344,16.795
625,Open land,14-Feb-14,Two,DRY,30.697,10.247,17.16
626,Open land,15-Feb-14,Two,DRY,32.898,11.419,18.164
627,Open land,16-Feb-14,Two,DRY,32.175,11.175,18.558
628,Open land,17-Feb-14,Two,DRY,29.215,11.953,18.425
629,Open land,18-Feb-14,Two,DRY,26.109,12.413,17.262
630,Open land,19-Feb-14,Two,DRY,28.444,7.845,14.993
631,Open land,20-Feb-14,Two,DRY,25.016,6.153,13.028
632,Open land,21-Feb-14,Two,DRY,28.419,10.687,15.828
633,Open land,22-Feb-14,Two,DRY,32.33,10.712,17.874
634,Open land,23-Feb-14,Two,DRY,33.365,9.829,18.548
635,Open land,24-Feb-14,Two,DRY,34.572,11.589,19.677
636,Open land,25-Feb-14,Two,DRY,32.665,11.2,18.848
637,Open land,26-Feb-14,Two,DRY,32.846,9.632,19.089
638,Open land,27-Feb-14,Two,DRY,32.768,13.064,20.282
639,Open land,28-Feb-14,Two,DRY,34.045,12.05,20.409
640,Open land,01-Mar-14,Two,DRY,35.022,10.369,20.507
641,Open land,02-Mar-14,Two,DRY,34.36,12.171,20.727
642,Open land,03-Mar-14,Two,DRY,34.651,12.871,20.953
643,Open land,04-Mar-14,Two,DRY,36.444,12.413,20.827
644,Open land,05-Mar-14,Two,DRY,34.413,12.823,20.386
645,Open land,06-Mar-14,Two,DRY,35.235,12.992,20.607
646,Open land,07-Mar-14,Two,DRY,34.308,12.944,20.744
647,Open land,08-Mar-14,Two,DRY,34.413,12.558,21.423
648,Open land,09-Mar-14,Two,DRY,36.335,13.377,21.317
649,Open land,10-Mar-14,Two,DRY,34.916,10.956,20.823
650,Open land,11-Mar-14,Two,DRY,34.624,15.055,21.562
651,Open land,12-Mar-14,Two,DRY,34.255,12.268,21.288
652,Open land,13-Mar-14,Two,DRY,36.987,11.273,21.232
653,Open land,14-Mar-14,Two,DRY,35.342,12.751,21.432
654,Open land,15-Mar-14,Two,DRY,35.049,15.151,22.151
655,Open land,16-Mar-14,Two,DRY,37.618,15.342,22.054
656,Open land,17-Mar-14,Two,DRY,36.254,14.96,22.207
657,Open land,18-Mar-14,Two,DRY,35.958,15.533,23.045
658,Open land,19-Mar-14,Two,DRY,35.716,13.185,22.196
659,Open land,20-Mar-14,Two,DRY,34.995,13.954,21.599
660,Open land,21-Mar-14,Two,DRY,37.327,12.437,19.097
661,Open land,22-Mar-14,Two,DRY,NA,NA,NA
662,Open land,23-Mar-14,Two,DRY,NA,NA,NA
663,Open land,24-Mar-14,Two,DRY,NA,NA,NA
664,Open land,25-Mar-14,Two,DRY,NA,NA,NA
665,Open land,26-Mar-14,Two,DRY,NA,NA,NA
666,Open land,27-Mar-14,Two,DRY,NA,NA,NA
667,Open land,28-Mar-14,Two,DRY,NA,NA,NA
668,Open land,29-Mar-14,Two,DRY,NA,NA,NA
669,Open land,30-Mar-14,Two,DRY,NA,NA,NA
670,Open land,31-Mar-14,Two,DRY,NA,NA,NA
671,Open land,01-Apr-14,Two,DRY,NA,NA,NA
672,Open land,02-Apr-14,Two,DRY,NA,NA,NA
673,Open land,03-Apr-14,Two,DRY,NA,NA,NA
674,Open land,04-Apr-14,Two,DRY,NA,NA,NA
675,Open land,05-Apr-14,Two,DRY,NA,NA,NA
676,Open land,06-Apr-14,Two,DRY,NA,NA,NA
677,Open land,07-Apr-14,Two,DRY,34.889,15.7,23.72
678,Open land,08-Apr-14,Two,DRY,36.389,15.485,21.788
679,Open land,09-Apr-14,Two,DRY,38.421,14.194,22.392
680,Open land,10-Apr-14,Two,DRY,37.535,13.81,22.857
681,Open land,11-Apr-14,Two,DRY,37.398,14.218,23.129
682,Open land,12-Apr-14,Two,DRY,40.4,14.505,23.376
683,Open land,13-Apr-14,Two,DRY,40,15.891,24.104
684,Open land,14-Apr-14,Two,DRY,39.29,14.29,21.078
685,Open land,15-Apr-14,Two,DRY,33.757,19.46,26.184
686,Open land,16-Apr-14,Two,DRY,33.365,15.891,23.299
687,Open land,17-Apr-14,Two,DRY,37.042,17.986,24.852
688,Open land,18-Apr-14,Two,DRY,38.616,16.344,24.867
689,Open land,19-Apr-14,Two,DRY,37.206,16.106,24.388
690,Open land,20-Apr-14,Two,DRY,38.17,17.724,25.334
691,Open land,21-Apr-14,Two,DRY,39.036,18.176,25.045
692,Open land,22-Apr-14,Two,DRY,37.728,17.51,25.083
693,Open land,23-Apr-14,Two,DRY,38.616,17.249,25.097
694,Open land,24-Apr-14,Two,DRY,36.119,17.701,24.99
695,Open land,25-Apr-14,Two,DRY,39.318,15.366,23.818
696,Open land,26-Apr-14,Two,DRY,34.995,16.725,23.497
697,Open land,27-Apr-14,Two,DRY,36.905,15.676,23.766
698,Open land,28-Apr-14,Two,DRY,30.091,14.745,21.15
699,Open land,29-Apr-14,Two,DRY,30.52,13.281,19.05
700,Open land,30-Apr-14,Two,DRY,30.95,13.714,20.048
701,Regenerating forest,01-Feb-14,Two,DRY,28.419,9.188,16.927
702,Regenerating forest,02-Feb-14,Two,DRY,28.766,8.668,16.578
703,Regenerating forest,03-Feb-14,Two,DRY,28.692,8.643,16.761
704,Regenerating forest,04-Feb-14,Two,DRY,27.899,9.829,16.364
705,Regenerating forest,05-Feb-14,Two,DRY,26.769,10.124,16.615
706,Regenerating forest,06-Feb-14,Two,DRY,26.5,12.92,17.353
707,Regenerating forest,07-Feb-14,Two,DRY,26.378,8.519,16.385
708,Regenerating forest,08-Feb-14,Two,DRY,25.793,10.785,16.51
709,Regenerating forest,09-Feb-14,Two,DRY,25.623,7.82,15.492
710,Regenerating forest,10-Feb-14,Two,DRY,26.304,7.494,15.843
711,Regenerating forest,11-Feb-14,Two,DRY,25.355,8.295,15.572
712,Regenerating forest,12-Feb-14,Two,DRY,25.793,12.025,16.414
713,Regenerating forest,13-Feb-14,Two,DRY,25.963,8.494,16.302
714,Regenerating forest,14-Feb-14,Two,DRY,26.304,10.956,16.701
715,Regenerating forest,15-Feb-14,Two,DRY,26.867,12.485,17.614
716,Regenerating forest,16-Feb-14,Two,DRY,27.899,12.34,17.905
717,Regenerating forest,17-Feb-14,Two,DRY,26.646,13.016,17.887
718,Regenerating forest,18-Feb-14,Two,DRY,23.569,13.04,16.989
719,Regenerating forest,19-Feb-14,Two,DRY,26.744,7.87,15.212
720,Regenerating forest,20-Feb-14,Two,DRY,24.653,6.281,13.071
721,Regenerating forest,21-Feb-14,Two,DRY,25.453,10.907,15.678
722,Regenerating forest,22-Feb-14,Two,DRY,28.617,11.443,17.727
723,Regenerating forest,23-Feb-14,Two,DRY,30.9,10.443,18.397
724,Regenerating forest,24-Feb-14,Two,DRY,29.389,12.823,19.413
725,Regenerating forest,25-Feb-14,Two,DRY,30.117,12.098,18.959
726,Regenerating forest,26-Feb-14,Two,DRY,30.016,9.731,18.654
727,Regenerating forest,27-Feb-14,Two,DRY,30.773,14.721,20.105
728,Regenerating forest,28-Feb-14,Two,DRY,32.587,13.112,20.313
729,Regenerating forest,01-Mar-14,Two,DRY,NA,NA,NA
730,Regenerating forest,02-Mar-14,Two,DRY,NA,NA,NA
731,Regenerating forest,03-Mar-14,Two,DRY,NA,NA,NA
732,Regenerating forest,04-Mar-14,Two,DRY,NA,NA,NA
733,Regenerating forest,05-Mar-14,Two,DRY,NA,NA,NA
734,Regenerating forest,06-Mar-14,Two,DRY,NA,NA,NA
735,Regenerating forest,07-Mar-14,Two,DRY,NA,NA,NA
736,Regenerating forest,08-Mar-14,Two,DRY,NA,NA,NA
737,Regenerating forest,09-Mar-14,Two,DRY,NA,NA,NA
738,Regenerating forest,10-Mar-14,Two,DRY,NA,NA,NA
739,Regenerating forest,11-Mar-14,Two,DRY,NA,NA,NA
740,Regenerating forest,12-Mar-14,Two,DRY,NA,NA,NA
741,Regenerating forest,13-Mar-14,Two,DRY,NA,NA,NA
742,Regenerating forest,14-Mar-14,Two,DRY,NA,NA,NA
743,Regenerating forest,15-Mar-14,Two,DRY,NA,NA,NA
744,Regenerating forest,16-Mar-14,Two,DRY,NA,NA,NA
745,Regenerating forest,17-Mar-14,Two,DRY,NA,NA,NA
746,Regenerating forest,18-Mar-14,Two,DRY,NA,NA,NA
747,Regenerating forest,19-Mar-14,Two,DRY,NA,NA,NA
748,Regenerating forest,20-Mar-14,Two,DRY,NA,NA,NA
749,Regenerating forest,21-Mar-14,Two,DRY,NA,NA,NA
750,Regenerating forest,22-Mar-14,Two,DRY,NA,NA,NA
751,Regenerating forest,23-Mar-14,Two,DRY,NA,NA,NA
752,Regenerating forest,24-Mar-14,Two,DRY,NA,NA,NA
753,Regenerating forest,25-Mar-14,Two,DRY,NA,NA,NA
754,Regenerating forest,26-Mar-14,Two,DRY,NA,NA,NA
755,Regenerating forest,27-Mar-14,Two,DRY,NA,NA,NA
756,Regenerating forest,28-Mar-14,Two,DRY,NA,NA,NA
757,Regenerating forest,29-Mar-14,Two,DRY,NA,NA,NA
758,Regenerating forest,30-Mar-14,Two,DRY,NA,NA,NA
759,Regenerating forest,31-Mar-14,Two,DRY,NA,NA,NA
760,Regenerating forest,01-Apr-14,Two,DRY,NA,NA,NA
761,Regenerating forest,02-Apr-14,Two,DRY,NA,NA,NA
762,Regenerating forest,03-Apr-14,Two,DRY,NA,NA,NA
763,Regenerating forest,04-Apr-14,Two,DRY,NA,NA,NA
764,Regenerating forest,05-Apr-14,Two,DRY,NA,NA,NA
765,Regenerating forest,06-Apr-14,Two,DRY,NA,NA,NA
766,Regenerating forest,07-Apr-14,Two,DRY,NA,NA,NA
767,Regenerating forest,08-Apr-14,Two,DRY,NA,NA,NA
768,Regenerating forest,09-Apr-14,Two,DRY,NA,NA,NA
769,Regenerating forest,10-Apr-14,Two,DRY,NA,NA,NA
770,Regenerating forest,11-Apr-14,Two,DRY,NA,NA,NA
771,Regenerating forest,12-Apr-14,Two,DRY,NA,NA,NA
772,Regenerating forest,13-Apr-14,Two,DRY,NA,NA,NA
773,Regenerating forest,14-Apr-14,Two,DRY,NA,NA,NA
774,Regenerating forest,15-Apr-14,Two,DRY,NA,NA,NA
775,Regenerating forest,16-Apr-14,Two,DRY,NA,NA,NA
776,Regenerating forest,17-Apr-14,Two,DRY,NA,NA,NA
777,Regenerating forest,18-Apr-14,Two,DRY,NA,NA,NA
778,Regenerating forest,19-Apr-14,Two,DRY,NA,NA,NA
779,Regenerating forest,20-Apr-14,Two,DRY,NA,NA,NA
780,Regenerating forest,21-Apr-14,Two,DRY,34.836,18.747,26.744
781,Regenerating forest,22-Apr-14,Two,DRY,35.262,17.653,24.522
782,Regenerating forest,23-Apr-14,Two,DRY,34.942,18.01,24.388
783,Regenerating forest,24-Apr-14,Two,DRY,34.413,17.748,24.446
784,Regenerating forest,25-Apr-14,Two,DRY,35.475,15.986,23.028
785,Regenerating forest,26-Apr-14,Two,DRY,32.021,18.485,23.388
786,Regenerating forest,27-Apr-14,Two,DRY,34.097,15.796,23.302
787,Regenerating forest,28-Apr-14,Two,DRY,29.966,15.342,21.41
788,Regenerating forest,29-Apr-14,Two,DRY,29.09,13.546,18.913
789,Regenerating forest,30-Apr-14,Two,DRY,28.891,13.714,19.571
790,Mature forest,01-Jun-14,Two,WET,23.208,18.01,19.881
791,Mature forest,02-Jun-14,Two,WET,22.896,17.391,19.472
792,Mature forest,03-Jun-14,Two,WET,24.339,17.772,20.656
793,Mature forest,04-Jun-14,Two,WET,24.895,18.247,21.203
794,Mature forest,05-Jun-14,Two,WET,23.905,18.176,20.25
795,Mature forest,06-Jun-14,Two,WET,22.776,17.082,18.912
796,Mature forest,07-Jun-14,Two,WET,21.604,18.176,19.493
797,Mature forest,08-Jun-14,Two,WET,20.484,17.938,18.905
798,Mature forest,09-Jun-14,Two,WET,19.698,17.796,18.585
799,Mature forest,10-Jun-14,Two,WET,20.865,18.057,19.278
800,Mature forest,11-Jun-14,Two,WET,22.034,18.461,19.523
801,Mature forest,12-Jun-14,Two,WET,20.15,18.247,18.932
802,Mature forest,13-Jun-14,Two,WET,19.532,18.129,18.598
803,Mature forest,14-Jun-14,Two,WET,19.77,17.629,18.155
804,Mature forest,15-Jun-14,Two,WET,19.888,17.106,18.29
805,Mature forest,16-Jun-14,Two,WET,20.889,17.106,18.563
806,Mature forest,17-Jun-14,Two,WET,20.198,17.034,18.606
807,Mature forest,18-Jun-14,Two,WET,20.103,17.938,18.716
808,Mature forest,19-Jun-14,Two,WET,19.722,18.057,18.645
809,Mature forest,20-Jun-14,Two,WET,20.388,17.368,18.641
810,Mature forest,21-Jun-14,Two,WET,21.151,17.986,19.331
811,Mature forest,22-Jun-14,Two,WET,21.819,18.319,19.506
812,Mature forest,23-Jun-14,Two,WET,21.199,17.772,19.546
813,Mature forest,24-Jun-14,Two,WET,21.079,18.461,19.266
814,Mature forest,25-Jun-14,Two,WET,20.889,18.271,19.172
815,Mature forest,26-Jun-14,Two,WET,20.507,17.891,19.006
816,Mature forest,27-Jun-14,Two,WET,21.676,17.772,19.314
817,Mature forest,28-Jun-14,Two,WET,21.39,17.534,19.132
818,Mature forest,29-Jun-14,Two,WET,19.318,17.748,18.773
819,Mature forest,30-Jun-14,Two,WET,19.246,17.938,18.576
820,Mature forest,01-Jul-14,Two,WET,20.293,17.439,18.667
821,Mature forest,02-Jul-14,Two,WET,19.698,18.271,18.899
822,Mature forest,03-Jul-14,Two,WET,20.174,18.176,18.727
823,Mature forest,04-Jul-14,Two,WET,20.436,17.558,18.838
824,Mature forest,05-Jul-14,Two,WET,21.079,17.986,19.278
825,Mature forest,06-Jul-14,Two,WET,20.579,18.461,19.313
826,Mature forest,07-Jul-14,Two,WET,20.031,18.224,18.877
827,Mature forest,08-Jul-14,Two,WET,20.293,18.39,19.336
828,Mature forest,09-Jul-14,Two,WET,20.388,18.295,19.069
829,Mature forest,10-Jul-14,Two,WET,20.388,18.033,19.001
830,Mature forest,11-Jul-14,Two,WET,20.841,17.867,19.152
831,Mature forest,12-Jul-14,Two,WET,19.389,17.748,18.83
832,Mature forest,13-Jul-14,Two,WET,20.055,17.011,18.589
833,Mature forest,14-Jul-14,Two,WET,20.174,17.32,18.604
834,Mature forest,15-Jul-14,Two,WET,20.007,17.106,18.428
835,Mature forest,16-Jul-14,Two,WET,19.865,16.654,18.069
836,Mature forest,17-Jul-14,Two,WET,20.674,17.486,18.493
837,Mature forest,18-Jul-14,Two,WET,20.103,18.176,18.964
838,Mature forest,19-Jul-14,Two,WET,19.936,17.843,18.594
839,Mature forest,20-Jul-14,Two,WET,19.365,18.057,18.499
840,Mature forest,21-Jul-14,Two,WET,18.057,17.225,17.534
841,Mature forest,22-Jul-14,Two,WET,18.152,16.677,17.377
842,Mature forest,23-Jul-14,Two,WET,18.747,15.843,17.424
843,Mature forest,24-Jul-14,Two,WET,19.722,16.963,18.205
844,Mature forest,25-Jul-14,Two,WET,19.912,17.153,18.462
845,Mature forest,26-Jul-14,Two,WET,19.532,17.558,18.528
846,Mature forest,27-Jul-14,Two,WET,19.294,17.415,18.129
847,Mature forest,28-Jul-14,Two,WET,19.603,17.106,18.093
848,Mature forest,29-Jul-14,Two,WET,19.484,17.225,18.288
849,Mature forest,30-Jul-14,Two,WET,19.888,17.201,18.557
850,Mature forest,31-Jul-14,Two,WET,20.388,16.677,18.333
851,Mature forest,01-Aug-14,Two,WET,21.127,17.843,19.187
852,Mature forest,02-Aug-14,Two,WET,20.269,18.414,19.172
853,Mature forest,03-Aug-14,Two,WET,19.888,17.653,18.653
854,Mature forest,04-Aug-14,Two,WET,19.698,17.605,18.576
855,Mature forest,05-Aug-14,Two,WET,20.46,18.2,19.032
856,Mature forest,06-Aug-14,Two,WET,20.341,18.366,19.07
857,Mature forest,07-Aug-14,Two,WET,19.817,18.152,18.769
858,Mature forest,08-Aug-14,Two,WET,19.888,17.986,18.674
859,Mature forest,09-Aug-14,Two,WET,19.841,17.558,18.646
860,Mature forest,10-Aug-14,Two,WET,19.365,17.582,18.504
861,Mature forest,11-Aug-14,Two,WET,19.912,18.01,18.877
862,Mature forest,12-Aug-14,Two,WET,19.841,17.724,18.807
863,Mature forest,13-Aug-14,Two,WET,19.08,17.13,18.33
864,Mature forest,14-Aug-14,Two,WET,17.201,16.558,16.913
865,Mature forest,15-Aug-14,Two,WET,18.675,17.034,17.675
866,Mature forest,16-Aug-14,Two,WET,18.961,17.558,18.056
867,Mature forest,17-Aug-14,Two,WET,19.27,17.13,18.059
868,Mature forest,18-Aug-14,Two,WET,19.199,16.677,18.031
869,Mature forest,19-Aug-14,Two,WET,19.175,17.843,18.338
870,Mature forest,20-Aug-14,Two,WET,19.389,17.534,18.063
871,Mature forest,21-Aug-14,Two,WET,19.579,16.63,18.004
872,Mature forest,22-Aug-14,Two,WET,19.532,17.058,18.069
873,Mature forest,23-Aug-14,Two,WET,20.246,17.653,18.687
874,Mature forest,24-Aug-14,Two,WET,20.674,17.391,18.598
875,Mature forest,25-Aug-14,Two,WET,19.532,16.606,18.119
876,Mature forest,26-Aug-14,Two,WET,19.27,16.606,17.921
877,Mature forest,27-Aug-14,Two,WET,19.246,16.034,17.767
878,Mature forest,28-Aug-14,Two,WET,19.746,16.368,18.026
879,Mature forest,29-Aug-14,Two,WET,18.675,16.272,17.173
880,Mature forest,30-Aug-14,Two,WET,18.699,16.701,17.488
881,Mature forest,31-Aug-14,Two,WET,19.532,16.534,17.939
882,Open land,01-Jun-14,Two,WET,34.969,17.201,22.848
883,Open land,02-Jun-14,Two,WET,39.065,16.582,23.096
884,Open land,03-Jun-14,Two,WET,39.886,17.582,24.474
885,Open land,04-Jun-14,Two,WET,40.66,18.01,25.25
886,Open land,05-Jun-14,Two,WET,37.866,17.415,22.433
887,Open land,06-Jun-14,Two,WET,35.422,17.249,21.691
888,Open land,07-Jun-14,Two,WET,33.313,17.32,22.489
889,Open land,08-Jun-14,Two,WET,30.95,17.819,20.244
890,Open land,09-Jun-14,Two,WET,31.026,16.725,21.05
891,Open land,10-Jun-14,Two,WET,34.889,17.938,22.333
892,Open land,11-Jun-14,Two,WET,32.639,18.2,21.689
893,Open land,12-Jun-14,Two,WET,32.073,18.152,20.765
894,Open land,13-Jun-14,Two,WET,29.515,18.247,20.312
895,Open land,14-Jun-14,Two,WET,27.407,17.677,19.083
896,Open land,15-Jun-14,Two,WET,29.765,16.558,20.284
897,Open land,16-Jun-14,Two,WET,33.626,16.582,20.445
898,Open land,17-Jun-14,Two,WET,29.941,18.01,21.409
899,Open land,18-Jun-14,Two,WET,32.717,17.938,19.843
900,Open land,19-Jun-14,Two,WET,33.548,17.843,21.033
901,Open land,20-Jun-14,Two,WET,33.73,17.344,21.502
902,Open land,21-Jun-14,Two,WET,33.783,18.057,22.733
903,Open land,22-Jun-14,Two,WET,35.395,18.176,23.226
904,Open land,23-Jun-14,Two,WET,33.183,16.796,23.372
905,Open land,24-Jun-14,Two,WET,33.209,17.915,20.873
906,Open land,25-Jun-14,Two,WET,32.665,18.105,21.491
907,Open land,26-Jun-14,Two,WET,31.868,17.249,21.162
908,Open land,27-Jun-14,Two,WET,34.15,17.296,22.859
909,Open land,28-Jun-14,Two,WET,34.757,17.058,22.931
910,Open land,29-Jun-14,Two,WET,25.089,18.152,20.309
911,Open land,30-Jun-14,Two,WET,24.243,17.558,19.462
912,Open land,01-Jul-14,Two,WET,32.278,16.677,21.444
913,Open land,02-Jul-14,Two,WET,26.94,18.366,21.239
914,Open land,03-Jul-14,Two,WET,31.586,17.796,20.651
915,Open land,04-Jul-14,Two,WET,34.334,16.677,21.958
916,Open land,05-Jul-14,Two,WET,33.704,18.295,22.495
917,Open land,06-Jul-14,Two,WET,36.281,18.628,21.889
918,Open land,07-Jul-14,Two,WET,28.345,18.057,21.187
919,Open land,08-Jul-14,Two,WET,27.284,17.701,20.237
920,Open land,09-Jul-14,Two,WET,35.049,18.2,21.53
921,Open land,10-Jul-14,Two,WET,32.665,17.938,22.71
922,Open land,11-Jul-14,Two,WET,34.757,18.319,22.818
923,Open land,12-Jul-14,Two,WET,28.048,17.796,20.161
924,Open land,13-Jul-14,Two,WET,35.102,16.058,21.579
925,Open land,14-Jul-14,Two,WET,30.697,17.344,21.115
926,Open land,15-Jul-14,Two,WET,32.381,17.034,20.814
927,Open land,16-Jul-14,Two,WET,30.016,15.915,20.301
928,Open land,17-Jul-14,Two,WET,36.633,17.558,21.432
929,Open land,18-Jul-14,Two,WET,27.899,18.01,20.453
930,Open land,19-Jul-14,Two,WET,25.866,17.177,19.803
931,Open land,20-Jul-14,Two,WET,26.451,17.653,19.695
932,Open land,21-Jul-14,Two,WET,20.46,17.177,18.051
933,Open land,22-Jul-14,Two,WET,25.113,15.843,18.947
934,Open land,23-Jul-14,Two,WET,28.444,14.936,19.358
935,Open land,24-Jul-14,Two,WET,34.255,15.676,21.402
936,Open land,25-Jul-14,Two,WET,32.665,16.915,20.247
937,Open land,26-Jul-14,Two,WET,35.049,16.439,20.967
938,Open land,27-Jul-14,Two,WET,26.5,16.487,19.104
939,Open land,28-Jul-14,Two,WET,31.561,16.082,19.594
940,Open land,29-Jul-14,Two,WET,36.851,16.939,21.708
941,Open land,30-Jul-14,Two,WET,29.59,16.415,20.129
942,Open land,31-Jul-14,Two,WET,35.395,16.392,21.358
943,Open land,01-Aug-14,Two,WET,39.658,17.605,23.237
944,Open land,02-Aug-14,Two,WET,30.243,17.938,20.725
945,Open land,03-Aug-14,Two,WET,28.841,17.058,20.229
946,Open land,04-Aug-14,Two,WET,32.484,17.415,20.831
947,Open land,05-Aug-14,Two,WET,33.105,17.701,21.751
948,Open land,06-Aug-14,Two,WET,32.536,17.582,20.913
949,Open land,07-Aug-14,Two,WET,28.841,17.558,20.299
950,Open land,08-Aug-14,Two,WET,33.757,17.653,21.057
951,Open land,09-Aug-14,Two,WET,30.369,17.13,21.042
952,Open land,10-Aug-14,Two,WET,30.117,17.249,19.819
953,Open land,11-Aug-14,Two,WET,30.167,17.772,20.756
954,Open land,12-Aug-14,Two,WET,28.941,17.272,20.967
955,Open land,13-Aug-14,Two,WET,20.341,16.654,18.493
956,Open land,14-Aug-14,Two,WET,20.317,16.201,17.531
957,Open land,15-Aug-14,Two,WET,24.146,17.011,18.935
958,Open land,16-Aug-14,Two,WET,32.15,16.987,19.524
959,Open land,17-Aug-14,Two,WET,32.201,16.654,20.695
960,Open land,18-Aug-14,Two,WET,30.091,16.177,20.674
961,Open land,19-Aug-14,Two,WET,27.456,17.344,19.325
962,Open land,20-Aug-14,Two,WET,26.304,16.868,19.13
963,Open land,21-Aug-14,Two,WET,31.408,16.415,20.237
964,Open land,22-Aug-14,Two,WET,31.204,16.939,20.868
965,Open land,23-Aug-14,Two,WET,32.898,17.13,21.452
966,Open land,24-Aug-14,Two,WET,36.389,16.201,21.015
967,Open land,25-Aug-14,Two,WET,35.262,16.034,20.378
968,Open land,26-Aug-14,Two,WET,32.924,15.843,20.028
969,Open land,27-Aug-14,Two,WET,35.85,15.438,20.455
970,Open land,28-Aug-14,Two,WET,34.492,15.223,21.212
971,Open land,29-Aug-14,Two,WET,26.72,15.819,18.467
972,Open land,30-Aug-14,Two,WET,31.408,16.701,19.809
973,Open land,31-Aug-14,Two,WET,35.368,15.581,20.964
974,Regenerating forest,01-Jun-14,Two,WET,34.308,17.605,22.702
975,Regenerating forest,02-Jun-14,Two,WET,31.408,17.201,22.147
976,Regenerating forest,03-Jun-14,Two,WET,34.255,17.701,23.522
977,Regenerating forest,04-Jun-14,Two,WET,35.422,18.366,24.555
978,Regenerating forest,05-Jun-14,Two,WET,32.51,17.677,21.883
979,Regenerating forest,06-Jun-14,Two,WET,31.765,17.51,21.119
980,Regenerating forest,07-Jun-14,Two,WET,30.773,17.843,22.227
981,Regenerating forest,08-Jun-14,Two,WET,28.543,18.01,20.241
982,Regenerating forest,09-Jun-14,Two,WET,26.524,17.272,20.456
983,Regenerating forest,10-Jun-14,Two,WET,30.672,18.224,21.573
984,Regenerating forest,11-Jun-14,Two,WET,31.919,18.533,21.51
985,Regenerating forest,12-Jun-14,Two,WET,27.85,18.438,20.601
986,Regenerating forest,13-Jun-14,Two,WET,25.89,18.414,20.27
987,Regenerating forest,14-Jun-14,Two,WET,25.307,17.796,19.045
988,Regenerating forest,15-Jun-14,Two,WET,29.715,16.915,20.557
989,Regenerating forest,16-Jun-14,Two,WET,30.95,16.892,20.497
990,Regenerating forest,17-Jun-14,Two,WET,29.916,18.2,21.566
991,Regenerating forest,18-Jun-14,Two,WET,28.518,18.033,19.841
992,Regenerating forest,19-Jun-14,Two,WET,28.891,17.938,20.736
993,Regenerating forest,20-Jun-14,Two,WET,28.394,17.534,21.022
994,Regenerating forest,21-Jun-14,Two,WET,30.016,18.319,21.954
995,Regenerating forest,22-Jun-14,Two,WET,30.9,18.461,22.356
996,Regenerating forest,23-Jun-14,Two,WET,27.899,17.058,22.179
997,Regenerating forest,24-Jun-14,Two,WET,29.19,18.271,20.72
998,Regenerating forest,25-Jun-14,Two,WET,31.281,18.485,21.676
999,Regenerating forest,26-Jun-14,Two,WET,27.112,17.582,20.769
1000,Regenerating forest,27-Jun-14,Two,WET,29.74,17.344,21.943
1001,Regenerating forest,28-Jun-14,Two,WET,30.016,17.249,21.971
1002,Regenerating forest,29-Jun-14,Two,WET,23.905,18.224,20.249
1003,Regenerating forest,30-Jun-14,Two,WET,23.424,17.772,19.456
1004,Regenerating forest,01-Jul-14,Two,WET,29.565,17.082,21.147
1005,Regenerating forest,02-Jul-14,Two,WET,25.623,18.747,20.954
1006,Regenerating forest,03-Jul-14,Two,WET,26.965,18.105,20.271
1007,Regenerating forest,04-Jul-14,Two,WET,29.464,16.796,21.495
1008,Regenerating forest,05-Jul-14,Two,WET,30.571,19.127,22.081
1009,Regenerating forest,06-Jul-14,Two,WET,31.357,18.818,21.476
1010,Regenerating forest,07-Jul-14,Two,WET,25.89,18.152,20.611
1011,Regenerating forest,08-Jul-14,Two,WET,25.089,18.057,20.3
1012,Regenerating forest,09-Jul-14,Two,WET,32.278,18.295,21.346
1013,Regenerating forest,10-Jul-14,Two,WET,32.381,18.057,23.037
1014,Regenerating forest,11-Jul-14,Two,WET,32.949,18.438,22.399
1015,Regenerating forest,12-Jul-14,Two,WET,25.793,18.057,19.993
1016,Regenerating forest,13-Jul-14,Two,WET,31.331,16.582,21.402
1017,Regenerating forest,14-Jul-14,Two,WET,30.545,17.439,21.301
1018,Regenerating forest,15-Jul-14,Two,WET,29.991,17.534,20.773
1019,Regenerating forest,16-Jul-14,Two,WET,29.165,16.511,20.339
1020,Regenerating forest,17-Jul-14,Two,WET,30.95,17.819,21.098
1021,Regenerating forest,18-Jul-14,Two,WET,25.671,18.343,20.321
1022,Regenerating forest,19-Jul-14,Two,WET,23.785,17.653,19.598
1023,Regenerating forest,20-Jul-14,Two,WET,23.4,17.724,19.342
1024,Regenerating forest,21-Jul-14,Two,WET,19.318,17.177,17.868
1025,Regenerating forest,22-Jul-14,Two,WET,22.298,16.32,18.474
1026,Regenerating forest,23-Jul-14,Two,WET,26.695,15.414,19.152
1027,Regenerating forest,24-Jul-14,Two,WET,32.253,16.32,20.899
1028,Regenerating forest,25-Jul-14,Two,WET,27.677,17.225,19.917
1029,Regenerating forest,26-Jul-14,Two,WET,30.016,16.868,20.635
1030,Regenerating forest,27-Jul-14,Two,WET,24.339,16.868,19.065
1031,Regenerating forest,28-Jul-14,Two,WET,27.112,16.725,19.302
1032,Regenerating forest,29-Jul-14,Two,WET,33.001,17.177,21.182
1033,Regenerating forest,30-Jul-14,Two,WET,26.182,16.701,19.853
1034,Regenerating forest,31-Jul-14,Two,WET,30.773,16.725,21.13
1035,Regenerating forest,01-Aug-14,Two,WET,32.227,18.152,22.463
1036,Regenerating forest,02-Aug-14,Two,WET,27.407,18.2,20.332
1037,Regenerating forest,03-Aug-14,Two,WET,25.525,17.439,19.731
1038,Regenerating forest,04-Aug-14,Two,WET,27.974,17.486,20.312
1039,Regenerating forest,05-Aug-14,Two,WET,28.493,17.915,21.163
1040,Regenerating forest,06-Aug-14,Two,WET,26.916,17.843,20.62
1041,Regenerating forest,07-Aug-14,Two,WET,26.451,17.891,20.129
1042,Regenerating forest,08-Aug-14,Two,WET,28.518,17.701,20.262
1043,Regenerating forest,09-Aug-14,Two,WET,25.647,17.415,20.415
1044,Regenerating forest,10-Aug-14,Two,WET,26.402,17.296,19.476
1045,Regenerating forest,11-Aug-14,Two,WET,27.628,18.033,20.242
1046,Regenerating forest,12-Aug-14,Two,WET,25.647,17.439,20.51
1047,Regenerating forest,13-Aug-14,Two,WET,19.888,16.844,18.544
1048,Regenerating forest,14-Aug-14,Two,WET,19.555,16.392,17.604
1049,Regenerating forest,15-Aug-14,Two,WET,22.824,17.13,18.763
1050,Regenerating forest,16-Aug-14,Two,WET,25.307,17.106,18.959
1051,Regenerating forest,17-Aug-14,Two,WET,26.916,16.82,20.037
1052,Regenerating forest,18-Aug-14,Two,WET,26.72,16.606,20.004
1053,Regenerating forest,19-Aug-14,Two,WET,25.501,17.486,19.192
1054,Regenerating forest,20-Aug-14,Two,WET,24.677,17.32,19.057
1055,Regenerating forest,21-Aug-14,Two,WET,29.439,16.487,20.196
1056,Regenerating forest,22-Aug-14,Two,WET,30.748,16.987,20.915
1057,Regenerating forest,23-Aug-14,Two,WET,31.204,17.843,21.272
1058,Regenerating forest,24-Aug-14,Two,WET,29.941,16.939,20.418
1059,Regenerating forest,25-Aug-14,Two,WET,31.51,16.344,20.141
1060,Regenerating forest,26-Aug-14,Two,WET,29.14,16.344,19.76
1061,Regenerating forest,27-Aug-14,Two,WET,33.079,15.7,20.071
1062,Regenerating forest,28-Aug-14,Two,WET,31.612,15.438,21.102
1063,Regenerating forest,29-Aug-14,Two,WET,24.798,15.986,18.313
1064,Regenerating forest,30-Aug-14,Two,WET,27.53,16.796,19.719
1065,Regenerating forest,31-Aug-14,Two,WET,32.407,15.986,20.825
,,,,,,,
